step,loss,wall_time
25,765.807739,32.8
50,1048.698975,38.2
75,44.951859,43.6
100,47.493450,49.1
125,206.296219,54.6
150,2578.883789,60.0
175,242.952484,65.5
200,325.610260,70.9
225,1006.365540,76.3
250,2837.409424,81.7
275,99.653275,87.1
300,36.259834,92.6
325,90.208229,98.1
350,1041.927490,103.5
375,96.532745,109.0
400,23991.998047,114.5
425,25.643126,119.9
450,138.622314,125.3
475,77.631996,130.7
500,26.771612,136.3
525,1889.313354,141.7
550,11.857516,147.1
575,41.032795,152.7
600,929.962585,158.1
625,41.670212,163.5
650,165.805099,169.1
675,7189.328613,174.5
700,146.132538,179.9
725,107.995964,185.4
750,207.686783,190.8
775,761.664795,196.2
800,1059.057861,201.7
825,35.346249,207.1
850,44.984501,212.5
875,207.110077,218.0
900,80.218102,223.4
925,136.397095,228.9
950,1440.141846,234.2
975,87.355179,239.8
1000,29.525324,245.3
1025,64.975220,250.7
1050,37.258350,256.2
1075,10.041602,261.7
1100,14.586104,267.1
1125,145.076706,272.6
1150,10.225332,278.0
1175,1842.968384,283.4
1200,24.557268,288.9
1225,29.216469,294.3
1250,367.996368,300.4
1275,226.236206,305.9
1300,5719.763184,311.4
1325,518.070679,316.8
1350,11.273591,322.3
1375,209.891769,327.8
1400,1495.232788,333.3
1425,124.483208,338.6
1450,38.285183,344.2
1475,17400.888672,349.6
1500,3147.096924,355.0
1525,253.090927,360.6
1550,7932.369141,366.0
1575,10028.646484,371.5
1600,42.476231,377.0
1625,89.942337,382.4
1650,37.886589,387.8
1675,36.782097,393.3
1700,362.624634,398.7
1725,1741.304443,404.1
1750,3261.478027,409.6
1775,1205.586914,415.1
1800,295.053925,420.5
1825,13292.180664,426.0
1850,1754.652710,431.4
1875,213.682205,436.9
1900,3927.178955,442.3
1925,153.501373,447.8
1950,26728.072266,453.2
1975,1651.050781,458.6
2000,22.634636,464.1
2025,157.080765,469.5
2050,43.584694,474.9
2075,248.738373,480.4
2100,242.040344,485.8
2125,10.449716,491.2
2150,2745.129395,496.7
2175,46.343124,502.2
2200,78.117035,507.6
2225,5123.872070,513.1
2250,27.647799,518.5
2275,88.746529,524.0
2300,36.501842,529.5
2325,50.701313,534.9
2350,1025.444946,540.3
2375,10368.360352,545.7
2400,75.598091,551.2
2425,179.315338,556.7
2450,14833.660156,562.1
2475,28462.765625,567.5
2500,63.322666,573.0
2525,596.840637,578.3
2550,27.075352,583.8
2575,4920.154297,589.3
2600,12781.299805,594.7
2625,30.938328,600.1
2650,23.731833,605.6
2675,314.018768,611.0
2700,37446.093750,616.5
2725,573.409912,621.9
2750,15.266401,627.3
2775,496.436157,632.8
2800,1092.038330,638.2
2825,28.126894,643.7
2850,117.027885,649.1
2875,579.248474,654.6
2900,187.889359,660.0
2925,57.435081,665.4
2950,41820.699219,670.9
2975,160.744034,676.4
3000,1599.385010,681.8
3025,288.483643,687.3
3050,208.712769,692.8
3075,11530.501953,698.2
3100,34.449066,703.7
3125,181.289001,709.2
3150,83.193161,714.6
3175,241.952362,720.1
3200,18350.867188,725.5
3225,2405.101074,730.9
3250,628.578369,736.4
3275,20350.191406,741.8
3300,49.014267,747.3
3325,23.935289,752.6
3350,19.295956,758.1
3375,180.430588,763.6
3400,32.792778,769.0
3425,175.946915,774.5
3450,15.546208,780.0
3475,16324.924805,785.4
3500,1797.645386,790.9
3525,346.540039,796.3
3550,418.236572,801.7
3575,565.782837,807.2
3600,1330.436890,812.6
3625,2176.731689,818.1
3650,65.686806,823.6
3675,488.603333,829.0
3700,407.803284,834.4
3725,99.715446,839.9
3750,1875.041626,845.3
3775,132.334900,850.7
3800,35.016399,856.1
3825,25.400984,861.6
3850,616.701416,867.0
3875,10.193754,872.4
3900,27.105663,877.9
3925,16.616009,883.3
3950,2511.020508,888.7
3975,239.975327,894.2
4000,3720.642822,899.6
4025,10026.405273,905.0
4050,2748.227783,910.4
4075,17.323248,915.9
4100,174.773560,921.3
4125,875.249634,926.8
4150,116.912773,932.2
4175,198.822174,937.6
4200,751.655640,943.1
4225,24.808128,948.5
4250,372.931427,953.9
4275,43.268841,959.3
4300,1100.494385,964.8
4325,271.015076,970.2
4350,6018.256348,975.6
4375,70.350258,981.1
4400,130.871765,986.6
4425,787.485962,991.9
4450,20.880405,997.4
4475,27.431334,1002.8
4500,73.467110,1008.2
4525,56.613445,1013.7
4550,14.197077,1019.0
4575,60.399109,1024.4
4600,20.278074,1029.8
4625,179.760925,1035.2
4650,63.870651,1040.6
4675,8791.780273,1046.0
4700,1203.372437,1051.4
4725,342.268127,1056.8
4750,467.050262,1062.1
4775,26.788458,1067.6
4800,34.560524,1073.0
4825,183.170288,1078.3
4850,21.046261,1084.0
4875,42.962471,1089.3
4900,32.470924,1094.7
4925,114.070267,1100.1
4950,78.088951,1105.5
4975,43.913651,1110.9
5000,133.670929,1116.4
5025,1929.156128,1130.6
5050,16.705517,1136.0
5075,28.536547,1141.5
5100,43.272053,1146.8
5125,40713.320312,1152.3
5150,100.664200,1157.7
5175,20.701963,1163.1
5200,163.429291,1168.5
5225,571.131714,1173.9
5250,336.537811,1179.5
5275,28.643482,1184.9
5300,22.677618,1190.3
5325,187.746887,1195.8
5350,352.165833,1201.2
5375,304.496002,1206.5
5400,33.304222,1212.0
5425,114.664696,1217.4
5450,467.796051,1222.8
5475,140.110062,1228.2
5500,416.085938,1233.6
5525,18.900429,1239.1
5550,48.876881,1244.6
5575,17.798473,1249.9
5600,3614.223389,1255.3
5625,345.601746,1260.8
5650,13312.031250,1266.2
5675,9.080539,1271.6
5700,36.300133,1276.9
5725,133.757828,1282.4
5750,30.484674,1287.8
5775,68.509468,1293.2
5800,40.836800,1298.7
5825,168.026932,1304.1
5850,28.832375,1309.5
5875,734.251526,1314.9
5900,16.726385,1320.3
5925,94.003090,1325.8
5950,18.338358,1331.6
5975,12217.359375,1336.9
6000,140.014801,1342.5
6025,64.983864,1348.1
6050,23.450127,1353.7
6075,45.677002,1359.1
6100,1319.597534,1364.6
6125,18921.228516,1370.0
6150,110.196648,1375.3
6175,880.864807,1380.7
6200,291.801514,1386.2
6225,238.922089,1391.6
6250,450.952576,1397.0
6275,67.890923,1402.4
6300,548.841553,1407.9
6325,91.114143,1413.2
6350,20.929205,1418.7
6375,12.378757,1424.1
6400,230.267410,1429.5
6425,24.517046,1435.0
6450,1538.262451,1440.4
6475,1220.305908,1445.8
6500,539.962830,1451.2
6525,12278.327148,1456.6
6550,48.124172,1462.0
6575,149.002350,1467.5
6600,648.373962,1472.9
6625,35.050331,1478.3
6650,597.967407,1483.6
6675,75.401917,1489.1
6700,184.403000,1494.5
6725,416.051422,1499.9
6750,68.228294,1505.4
6775,37644.371094,1510.7
6800,71.581757,1516.1
6825,425.076721,1521.6
6850,27.970613,1527.0
6875,19.245428,1532.4
6900,277.283508,1537.8
6925,36.972256,1543.2
6950,68.988464,1548.6
6975,86.047073,1554.1
7000,48.744156,1559.5
7025,1038.332886,1564.9
7050,20.834393,1570.3
7075,26.406378,1575.7
7100,120.488068,1581.1
7125,40.162617,1586.4
7150,91.789650,1591.9
7175,142.068604,1597.3
7200,555.752747,1602.7
7225,1239.713867,1608.2
7250,10744.496094,1613.6
7275,19.227535,1619.0
7300,535.455078,1624.5
7325,100.325241,1629.9
7350,54.769604,1635.3
7375,663.898804,1640.7
7400,10426.333984,1646.1
7425,164.011597,1651.5
7450,11.368085,1657.0
7475,987.011780,1662.4
7500,10.595937,1667.8
7525,34.568413,1673.3
7550,4353.665039,1678.6
7575,30.168392,1684.0
7600,362.600800,1689.4
7625,77.129204,1694.9
7650,96.515038,1700.3
7675,126.330490,1705.6
7700,10501.769531,1711.1
7725,54.632565,1716.5
7750,356.170105,1721.8
7775,58.096313,1727.3
7800,21.042210,1732.7
7825,15.369287,1738.1
7850,1388.531738,1743.6
7875,295.006439,1748.9
7900,213.863571,1754.4
7925,15.795917,1759.8
7950,1809.732544,1765.2
7975,2401.491455,1770.6
8000,53.023167,1776.1
8025,930.135437,1781.5
8050,157.479752,1786.9
8075,253.917938,1792.3
8100,395.210297,1797.7
8125,1733.761230,1803.1
8150,67.025192,1808.5
8175,60.820919,1814.0
8200,100.178200,1819.4
8225,59.504433,1824.8
8250,357.777618,1830.2
8275,23.889856,1835.6
8300,65.800850,1841.0
8325,57.186493,1846.4
8350,38.341610,1851.8
8375,28.450888,1857.3
8400,111.446609,1862.7
8425,3769.411133,1868.2
8450,815.352905,1873.6
8475,4358.678711,1879.0
8500,334.116608,1884.4
8525,111.682274,1889.8
8550,3387.438232,1895.2
8575,39.393654,1900.7
8600,87.628647,1906.1
8625,120.581856,1911.5
8650,70.748016,1917.0
8675,20.205229,1922.4
8700,24.032701,1927.8
8725,49.056911,1933.2
8750,15.391075,1938.6
8775,31.001938,1944.0
8800,19.732006,1949.4
8825,232.538544,1954.8
8850,148.188446,1960.2
8875,274.083801,1965.7
8900,37.105724,1971.1
8925,246.753738,1976.4
8950,60.674305,1981.9
8975,1536.696777,1987.3
9000,9379.570312,1992.6
9025,108.330368,1998.0
9050,9618.522461,2003.4
9075,138.721176,2008.8
9100,1455.850464,2014.2
9125,1383.363281,2019.7
9150,314.439728,2025.1
9175,198.891556,2030.5
9200,13.906686,2035.9
9225,16.531681,2041.3
9250,100.830933,2046.7
9275,95.746048,2052.2
9300,67.068871,2057.5
9325,65.980927,2062.9
9350,12.663930,2068.4
9375,130.344757,2073.8
9400,464.052704,2079.1
9425,1106.803833,2084.6
9450,27017.800781,2089.9
9475,170.100128,2095.3
9500,420.902435,2100.6
9525,23.732159,2106.1
9550,60.146805,2111.5
9575,728.565002,2116.9
9600,34.198837,2122.3
9625,323.108429,2127.7
9650,149.983215,2133.1
9675,106.147850,2138.6
9700,29.326328,2143.9
9725,31.537878,2149.3
9750,951.100525,2154.7
9775,14.333780,2160.1
9800,58.645439,2165.5
9825,307.070526,2170.9
9850,33.025074,2176.3
9875,103.975769,2181.7
9900,53.416115,2187.2
9925,307.014130,2192.5
9950,404.705658,2197.9
9975,6698.689941,2203.3
10000,139.532043,2208.7
10025,297.716034,2217.5
10050,17.264971,2223.1
10075,29.294405,2228.5
10100,19.542746,2233.9
10125,160.331589,2239.3
10150,82.535126,2244.7
10175,50.637329,2250.1
10200,1707.932129,2255.5
10225,105.846260,2261.0
10250,9896.892578,2266.4
10275,379.558838,2271.8
10300,14524.912109,2277.3
10325,93597.437500,2282.7
10350,33.168396,2288.1
10375,50.654125,2293.5
10400,658.084717,2298.9
10425,117.902565,2304.3
10450,414.723846,2309.7
10475,318.477936,2315.2
10500,16067.654297,2320.6
10525,51.584023,2326.0
10550,494.432007,2331.4
10575,18.350071,2336.9
10600,258.368103,2342.2
10625,65.644196,2347.8
10650,211.736465,2353.2
10675,51.999302,2358.7
10700,47.148598,2364.2
10725,169.299255,2369.9
10750,166.268967,2375.4
10775,20.934267,2381.0
10800,54.463341,2386.5
10825,111.557220,2391.9
10850,1483.944336,2397.3
10875,507.108612,2402.8
10900,22.770378,2408.2
10925,37.938564,2413.5
10950,683.331421,2419.0
10975,179.429169,2424.4
11000,510.577362,2429.7
11025,199.509323,2435.1
11050,223.753479,2440.5
11075,388.823761,2445.9
11100,14412.968750,2451.4
11125,4431.952148,2456.7
11150,768.068176,2462.1
11175,22.789001,2467.5
11200,203.868927,2472.9
11225,280.691101,2478.3
11250,81.595367,2483.7
11275,17.412823,2489.1
11300,331.467712,2494.6
11325,179.054749,2500.0
11350,502.846191,2505.4
11375,55.856945,2510.8
11400,15369.457031,2516.1
11425,677.256897,2521.6
11450,872.780640,2527.0
11475,279.108154,2532.4
11500,10369.290039,2537.9
11525,123.157860,2543.3
11550,121.314575,2548.7
11575,18091.187500,2554.1
11600,20.033888,2559.5
11625,690.905579,2565.0
11650,31.936783,2570.4
11675,927.749939,2575.8
11700,484.083618,2581.2
11725,65462.550781,2586.7
11750,114.713722,2592.1
11775,344.826355,2597.5
11800,29.219561,2602.9
11825,84.545670,2608.3
11850,54.644615,2613.7
11875,59.918385,2619.0
11900,3190.143311,2624.5
11925,132.684769,2629.9
11950,10139.706055,2635.2
11975,16.818716,2640.7
12000,110.526268,2646.0
12025,51.445580,2651.4
12050,48.339878,2656.9
12075,84.894135,2662.3
12100,37.943916,2667.6
12125,90.812202,2673.1
12150,37.493336,2678.5
12175,882.341125,2683.9
12200,426.761749,2689.3
12225,22.515388,2694.6
12250,177.296539,2700.0
12275,90.125977,2705.5
12300,241.981277,2710.9
12325,378.785004,2716.3
12350,214.124329,2721.7
12375,390.772522,2727.1
12400,2451.755371,2732.5
12425,3028.037354,2737.9
12450,341.972229,2743.3
12475,29.584480,2748.7
12500,67.987442,2754.1
12525,675.026794,2759.5
12550,277.575134,2765.0
12575,261.011261,2770.4
12600,98.353348,2775.9
12625,445.616882,2781.2
12650,498.873657,2786.6
12675,1322.801025,2792.0
12700,82.017593,2797.4
12725,301.439362,2802.8
12750,35.452831,2808.3
12775,2387.068848,2813.7
12800,189.133163,2819.1
12825,67.454964,2824.4
12850,613.397705,2829.9
12875,13.346552,2835.3
12900,141.618393,2840.6
12925,245.415482,2846.1
12950,188.731323,2851.5
12975,793.902649,2856.9
13000,104.832932,2862.3
13025,252.225143,2867.8
13050,1156.837280,2873.1
13075,34.360928,2878.6
13100,20.180990,2884.0
13125,2784.791016,2889.4
13150,41.497940,2894.8
13175,371.517639,2900.3
13200,155.531967,2905.6
13225,28.661657,2911.1
13250,147.844131,2916.5
13275,724.257446,2921.9
13300,26.454689,2927.2
13325,463.427643,2932.7
13350,1172.891113,2938.0
13375,336.671326,2943.4
13400,2529.129150,2948.9
13425,3505.608887,2954.3
13450,124.645653,2959.6
13475,5779.593750,2965.1
13500,2052.819824,2970.5
13525,305.206665,2975.9
13550,80.719681,2981.3
13575,793.271301,2986.7
13600,19204.814453,2992.1
13625,30.107267,2997.5
13650,134.161942,3002.9
13675,28.149151,3008.3
13700,50.770664,3013.7
13725,14.030067,3019.0
13750,96.714714,3024.4
13775,86.494583,3029.7
13800,25259.728516,3035.2
13825,73.169151,3040.6
13850,17.419138,3045.9
13875,172.713089,3051.4
13900,263.333130,3056.8
13925,379.359711,3062.2
13950,2465.701660,3067.7
13975,429.852539,3073.1
14000,267.524170,3078.4
14025,878.682739,3083.9
14050,48.076054,3089.2
14075,47.452251,3094.6
14100,11.250375,3100.1
14125,218.926346,3105.5
14150,1995.348267,3110.9
14175,394.195892,3116.4
14200,150.332291,3121.8
14225,43378.269531,3127.1
14250,292.784912,3132.5
14275,398.058716,3137.9
14300,724.394348,3143.3
14325,595.921936,3148.6
14350,76.316330,3154.1
14375,168.099289,3159.5
14400,35.446945,3164.8
14425,45.364967,3170.3
14450,5726.650391,3175.7
14475,48.683228,3181.1
14500,3005.484375,3186.5
14525,500.332245,3191.9
14550,34.116676,3197.3
14575,1233.186890,3202.8
14600,36.947464,3208.2
14625,31.817261,3213.6
14650,3627.541504,3219.1
14675,896.617371,3224.4
14700,24.332634,3229.8
14725,38.819683,3235.2
14750,111.050240,3240.7
14775,813.618774,3246.1
14800,2548.090088,3251.6
14825,314.017365,3257.0
14850,32.594826,3262.5
14875,93.261154,3267.9
14900,206.494247,3273.3
14925,2654.002686,3278.7
14950,35.525059,3284.1
14975,301.675995,3289.6
15000,274.000122,3295.0
15025,909.788452,3303.5
15050,106.555946,3308.9
15075,66.088493,3314.3
15100,12.324372,3319.7
15125,2576.845459,3325.1
15150,63.246166,3330.5
15175,1175.845215,3335.9
15200,21.415886,3341.3
15225,149.694168,3346.8
15250,50.364418,3352.1
15275,442.786621,3357.5
15300,480.237457,3362.9
15325,15.968275,3368.3
15350,62.192093,3373.8
15375,16.248457,3379.4
15400,5403.107422,3384.9
15425,30.195656,3390.3
15450,710.676941,3395.9
15475,85.064880,3401.4
15500,334.340454,3406.8
15525,72968.781250,3412.6
15550,3476.414795,3418.0
15575,877.798706,3423.4
15600,231.720291,3428.8
15625,2645.360596,3434.2
15650,118.794830,3439.5
15675,34.370285,3444.9
15700,2798.708740,3450.3
15725,90.534058,3455.7
15750,153.751663,3461.1
15775,995.592896,3466.6
15800,859.479919,3472.0
15825,1816.229370,3477.3
15850,4240.209473,3482.8
15875,127.415031,3488.2
15900,9.111977,3493.6
15925,1672.880127,3499.0
15950,390.030823,3504.4
15975,19.798262,3509.8
16000,99.613647,3515.3
16025,158.102066,3520.6
16050,749.012024,3526.0
16075,39.063610,3531.4
16100,608.237976,3536.8
16125,229.380264,3542.2
16150,122.509300,3547.6
16175,91.476288,3553.1
16200,23.946579,3558.4
16225,1083.815430,3563.8
16250,74.290710,3569.3
16275,165.100876,3574.7
16300,56.440495,3580.0
16325,7643.850098,3585.5
16350,51.463272,3590.9
16375,684.970459,3596.3
16400,93.534996,3601.7
16425,135.636292,3607.1
16450,90.656532,3612.5
16475,262.469818,3617.9
16500,28.365576,3623.3
16525,1089.658081,3628.7
16550,176.740753,3634.2
16575,375.331848,3639.6
16600,30.992811,3645.0
16625,1626.705811,3650.3
16650,21.281996,3655.8
16675,6972.096191,3661.2
16700,17.086416,3666.5
16725,26.385195,3672.0
16750,385.439331,3677.3
16775,76.933388,3682.7
16800,32.840107,3688.1
16825,177.666382,3693.5
16850,511.574310,3698.9
16875,87.308525,3704.4
16900,134.661179,3709.7
16925,73.496124,3715.1
16950,5964.482422,3720.5
16975,412.874695,3725.9
17000,66.103928,3731.3
17025,39.588963,3736.7
17050,7.231067,3742.1
17075,276.909393,3747.5
17100,634.244629,3752.9
17125,28.349224,3758.4
17150,17731.466797,3763.8
17175,57.560867,3769.2
17200,66.117905,3774.7
17225,209.591278,3780.0
17250,15.841315,3785.4
17275,5.936918,3790.9
17300,183.907852,3796.3
17325,474.706635,3801.7
17350,377.666870,3807.1
17375,343.455719,3812.5
17400,961.092834,3817.9
17425,21.597275,3823.4
17450,7076.056152,3828.8
17475,15443.937500,3834.1
17500,224.272934,3839.6
17525,44152.578125,3845.0
17550,444.931488,3850.4
17575,60.534466,3855.8
17600,545.072388,3861.3
17625,178.960510,3866.7
17650,29.988026,3872.0
17675,20.851587,3877.5
17700,409.516876,3882.9
17725,5370.566895,3888.2
17750,39.569126,3893.7
17775,48.770630,3899.1
17800,161.221390,3904.5
17825,31.125521,3909.9
17850,134.087280,3915.3
17875,82.796989,3920.7
17900,635.017700,3926.2
17925,645.144165,3931.5
17950,74.486542,3936.9
17975,234.645416,3942.3
18000,1328.873169,3947.7
18025,41.036469,3953.1
18050,136.443924,3958.5
18075,197.532394,3963.9
18100,35.111835,3969.3
18125,16.849108,3974.7
18150,539.241943,3980.1
18175,13.359622,3985.5
18200,143.867752,3990.9
18225,27.709352,3996.3
18250,29871.730469,4001.7
18275,37342.800781,4007.1
18300,36.339291,4012.5
18325,345.227081,4017.9
18350,33.205120,4023.3
18375,4474.507324,4028.8
18400,255.095657,4034.2
18425,2972.218750,4039.5
18450,162.691711,4045.0
18475,23.408648,4050.4
18500,9.799279,4055.8
18525,1038.971924,4061.1
18550,522.228149,4066.6
18575,961.390015,4072.0
18600,50.896488,4077.4
18625,27.796774,4082.9
18650,63.777405,4088.3
18675,42.411510,4093.7
18700,451.571625,4099.1
18725,42.337326,4104.6
18750,2544.425293,4110.0
18775,54.676086,4115.4
18800,179.493210,4120.8
18825,1017.164856,4126.2
18850,439.988739,4131.6
18875,535.707520,4137.0
18900,776.515076,4142.4
18925,58.140270,4147.8
18950,138.772766,4153.2
18975,315.545685,4158.6
19000,41673.648438,4164.0
19025,74.428963,4169.4
19050,180.606033,4174.8
19075,522.784973,4180.1
19100,116.709206,4185.6
19125,1743.173218,4190.9
19150,78.647438,4196.3
19175,539.708801,4201.7
19200,175.509369,4207.1
19225,35.659508,4212.4
19250,20.888901,4217.9
19275,90.548752,4223.2
19300,45.115227,4228.6
19325,3009.676758,4234.0
19350,1758.651855,4239.4
19375,1098.930420,4244.8
19400,137.973572,4250.3
19425,102.329620,4255.6
19450,16.124292,4261.0
19475,599.710693,4266.4
19500,435.261108,4271.8
19525,752.139343,4277.2
19550,2616.000244,4282.7
19575,351.336212,4288.1
19600,40.672123,4293.5
19625,1740.343262,4298.9
19650,610.023010,4304.3
19675,1986.209351,4309.7
19700,35.019161,4315.0
19725,20.645653,4320.5
19750,14.190599,4325.9
19775,90.050507,4331.3
19800,109.111351,4336.7
19825,22.068583,4342.1
19850,31.853161,4347.5
19875,139.031769,4352.9
19900,42.723171,4358.3
19925,548.865417,4363.6
19950,168.747849,4369.0
19975,2784.969971,4374.4
20000,69.300476,4379.8
20025,26891.958984,4388.6
20050,385.334290,4394.0
20075,487.375641,4399.4
20100,30697.656250,4404.8
20125,55.489479,4410.4
20150,21.508680,4416.0
20175,831.082458,4421.5
20200,35.606018,4427.1
20225,320.031097,4432.6
20250,175.067764,4438.0
20275,22.861240,4443.4
20300,3731.649170,4448.8
20325,32.211723,4454.2
20350,63.818390,4459.7
20375,17.880716,4465.0
20400,108.930687,4470.4
20425,51.783203,4475.8
20450,2516.738037,4481.2
20475,40.500858,4486.6
20500,855.731384,4491.9
20525,1263.809937,4497.4
20550,226.301239,4502.8
20575,2953.079346,4508.2
20600,197.402023,4513.6
20625,509.137573,4519.0
20650,12.173034,4524.4
20675,522.459473,4529.8
20700,262.437164,4535.2
20725,49.972969,4540.5
20750,42.820324,4546.0
20775,247.697357,4551.3
20800,30.142412,4556.7
20825,191.599594,4562.1
20850,58.972736,4567.5
20875,169.545990,4572.9
20900,11.743427,4578.2
20925,84.848495,4583.8
20950,45.589954,4589.1
20975,25.149601,4594.5
21000,192.570389,4600.0
21025,29.144997,4605.4
21050,132.205353,4610.7
21075,118.521774,4616.2
21100,402.134247,4621.6
21125,382.168274,4626.9
21150,31.231052,4632.4
21175,937.649475,4637.8
21200,34.945374,4643.1
21225,2582.018311,4648.6
21250,18118.697266,4654.0
21275,310.652588,4659.4
21300,1222.179077,4664.8
21325,200.524155,4670.2
21350,225.441879,4675.6
21375,2264.284424,4680.9
21400,519.401306,4686.3
21425,723.612732,4691.7
21450,113.869156,4697.1
21475,774.106262,4702.5
21500,760.760986,4707.9
21525,39.303391,4713.2
21550,127.393806,4718.7
21575,100.804451,4724.0
21600,143.157593,4729.4
21625,227.355927,4734.9
21650,587.064514,4740.2
21675,15.703255,4745.6
21700,57.955959,4751.1
21725,20.682819,4756.4
21750,22.930222,4761.8
21775,521.567078,4767.2
21800,3391.428223,4772.6
21825,223.974640,4777.9
21850,106.568306,4783.3
21875,807.115295,4788.7
21900,98992.851562,4794.1
21925,58.726452,4799.5
21950,16894.576172,4804.9
21975,11.544093,4810.3
22000,44.892010,4815.7
22025,38.365997,4821.1
22050,27.710861,4826.5
22075,23.777540,4831.9
22100,149.330444,4837.3
22125,1680.464722,4842.7
22150,54.147434,4848.1
22175,437.569672,4853.5
22200,766.069153,4858.9
22225,9435.396484,4864.3
22250,5490.633301,4869.7
22275,171.993057,4875.1
22300,502.027130,4880.5
22325,22.901344,4885.8
22350,1128.794312,4891.3
22375,1839.236450,4896.7
22400,113.236809,4902.1
22425,64.053543,4907.5
22450,32.391735,4912.9
22475,747.179382,4918.2
22500,29.096197,4923.7
22525,328.048645,4929.0
22550,230.918808,4934.4
22575,54.683750,4939.9
22600,270.401245,4945.3
22625,376.165558,4950.7
22650,183.654190,4956.1
22675,85.011581,4961.6
22700,728.794983,4966.9
22725,34.932495,4972.4
22750,2434.079102,4977.8
22775,149.920273,4983.2
22800,34.795502,4988.6
22825,39.383549,4994.0
22850,167.971878,4999.4
22875,43.702763,5004.8
22900,1115.854126,5010.3
22925,488.568756,5015.7
22950,155.698044,5021.0
22975,6534.048828,5026.5
23000,705.604004,5031.9
23025,1476.256836,5037.2
23050,105.971581,5042.7
23075,12.694368,5048.1
23100,69.919769,5053.5
23125,14.981353,5058.9
23150,28.642979,5064.3
23175,23.395042,5069.7
23200,3634.354980,5075.2
23225,25.850416,5080.5
23250,120.726395,5085.9
23275,473.308716,5091.3
23300,61.992470,5096.7
23325,972.846252,5102.2
23350,542.404419,5107.5
23375,262.657166,5112.9
23400,22.551735,5118.3
23425,657.927246,5123.7
23450,33179.046875,5129.1
23475,44.206085,5134.5
23500,9803.866211,5139.9
23525,9899.612305,5145.3
23550,137.555542,5150.7
23575,393.125580,5156.1
23600,41.800400,5161.6
23625,951.908325,5167.0
23650,82.566078,5172.5
23675,7.310081,5178.0
23700,30821.939453,5183.4
23725,817.687988,5188.8
23750,2091.706787,5194.1
23775,39.680649,5199.6
23800,71.162308,5205.0
23825,29.771029,5210.4
23850,366.464111,5215.8
23875,27.804451,5221.2
23900,32.077927,5226.6
23925,44.295979,5232.0
23950,2279.129883,5237.3
23975,568.214600,5242.7
24000,63.817318,5248.2
24025,4517.523438,5253.6
24050,648.576233,5258.9
24075,1326.749268,5264.4
24100,726.300659,5269.8
24125,51.238342,5275.2
24150,187.336624,5280.6
24175,1241.291626,5286.0
24200,683.659058,5291.4
24225,28898.728516,5296.7
24250,49.778042,5302.2
24275,365.018127,5307.6
24300,17547.099609,5312.9
24325,169.114716,5318.3
24350,30.787525,5323.7
24375,168.197906,5329.0
24400,738.160706,5334.5
24425,13104.885742,5339.9
24450,9803.219727,5345.2
24475,597.540405,5350.7
24500,857.652283,5356.1
24525,142.905411,5361.5
24550,702.293762,5366.9
24575,30.245728,5372.2
24600,15.232051,5377.7
24625,3026.145996,5383.1
24650,4864.569336,5388.5
24675,17408.953125,5393.9
24700,3977.320801,5399.2
24725,62.014160,5404.6
24750,175.759293,5410.0
24775,269.043701,5415.3
24800,3632.008301,5421.1
24825,338.773193,5426.5
24850,592.102417,5431.8
24875,79.055458,5437.7
24900,480.812256,5443.0
24925,48.353230,5448.4
24950,608.291321,5454.1
24975,132.974472,5459.5
25000,75.228050,5464.9
25025,908.827515,5473.4
25050,99.621170,5478.7
25075,29.923756,5484.1
25100,193.178360,5489.6
25125,6987.268555,5494.9
25150,1012.144958,5500.3
25175,28.634304,5505.6
25200,83.969154,5511.1
25225,7165.223145,5516.5
25250,218.910614,5521.9
25275,3003.081787,5527.3
25300,61.854164,5532.7
25325,23.829527,5538.0
25350,743.794678,5543.5
25375,1054.250732,5548.8
25400,60.338902,5554.2
25425,33.172688,5559.6
25450,113.500595,5565.0
25475,194.830322,5570.4
25500,18043.890625,5575.8
25525,24.736258,5581.2
25550,2271.656982,5586.6
25575,71759.726562,5592.1
25600,114.761925,5597.5
25625,323.816101,5602.9
25650,1706.438721,5608.2
25675,2642.436279,5613.7
25700,709.498718,5619.0
25725,205.197968,5624.4
25750,538.706604,5629.8
25775,57.893387,5635.2
25800,83.147018,5640.6
25825,43.676865,5646.0
25850,42.520233,5651.4
25875,12125.786133,5656.8
25900,279.713867,5662.2
25925,373.274414,5667.6
25950,2586.277100,5673.0
25975,53.763268,5678.4
26000,86.905647,5683.8
26025,50.819111,5689.2
26050,62.958290,5694.6
26075,772.211609,5700.0
26100,11129.418945,5705.4
26125,288.854797,5710.8
26150,605.009827,5716.3
26175,64.239281,5721.6
26200,203.841904,5727.0
26225,70.250549,5732.5
26250,15.996235,5737.8
26275,261.490875,5743.2
26300,877.611084,5748.7
26325,565.612549,5754.1
26350,15.773396,5759.5
26375,10729.409180,5764.9
26400,948.444580,5770.4
26425,7079.494629,5775.8
26450,3724.547119,5781.2
26475,41.383297,5786.6
26500,40.123798,5792.0
26525,697.148743,5797.4
26550,71.772972,5802.8
26575,21.660089,5808.2
26600,5126.076660,5813.6
26625,74.060310,5819.0
26650,115.769699,5824.4
26675,37.155415,5829.8
26700,88.561790,5835.3
26725,12.190037,5840.7
26750,188.337952,5846.0
26775,117.629333,5851.5
26800,185.246628,5856.9
26825,45.593193,5862.3
26850,57.361607,5867.7
26875,85.890602,5873.1
26900,206.350830,5878.5
26925,24.747652,5884.0
26950,237.631882,5889.3
26975,112.039909,5894.7
27000,38.233917,5900.2
27025,26.226589,5905.5
27050,58.196175,5910.9
27075,107.157753,5916.3
27100,35.297497,5921.8
27125,707.494873,5927.2
27150,38.281910,5932.5
27175,1802.420532,5938.0
27200,116.744019,5943.4
27225,1480.199219,5948.8
27250,34.738045,5954.3
27275,145.190353,5959.7
27300,845.248535,5965.0
27325,16.914524,5970.5
27350,16.707939,5975.9
27375,165.913208,5981.3
27400,123.898422,5986.8
27425,332.301453,5992.1
27450,29.779345,5997.5
27475,24180.878906,6003.0
27500,2007.912231,6008.4
27525,1249.351807,6013.8
27550,8216.037109,6019.1
27575,263.835602,6024.6
27600,48.655590,6030.0
27625,18.689304,6035.4
27650,68.335777,6040.9
27675,39349.230469,6046.3
27700,1315.884399,6051.7
27725,147.226334,6057.1
27750,586.165283,6062.5
27775,75.581444,6067.9
27800,894.155762,6073.3
27825,216.579163,6078.7
27850,2475.151855,6084.1
27875,50.148376,6089.5
27900,278.352905,6094.9
27925,42.188538,6100.3
27950,1147.774780,6105.7
27975,1539.351074,6111.1
28000,2864.651855,6116.5
28025,43.161995,6121.8
28050,997.620056,6127.3
28075,112.135201,6132.6
28100,24.305304,6138.0
28125,5276.396484,6143.4
28150,434.861786,6148.8
28175,59.681538,6154.2
28200,182.686462,6159.6
28225,31.117889,6165.0
28250,5271.116211,6170.4
28275,824.618469,6175.8
28300,106.162491,6181.1
28325,7383.180176,6186.5
28350,114.800285,6192.0
28375,164.100464,6197.4
28400,7716.764160,6202.9
28425,13.880792,6208.3
28450,12.620750,6213.7
28475,62.422455,6219.0
28500,20.263020,6224.3
28525,174.611938,6229.8
28550,1060.676392,6235.2
28575,2804.107666,6240.6
28600,39.039055,6246.0
28625,1977.045410,6251.4
28650,17.373163,6256.8
28675,20.713177,6262.3
28700,10907.164062,6267.6
28725,74.511871,6273.0
28750,80.017143,6278.4
28775,34.980312,6283.8
28800,588.158691,6289.2
28825,553.203674,6294.6
28850,1972.099731,6300.0
28875,714.762451,6305.3
28900,1535.292480,6310.7
28925,261.416931,6316.1
28950,12621.967773,6321.5
28975,8.238940,6326.8
29000,1707.236084,6332.2
29025,64.972763,6337.6
29050,78.641495,6342.9
29075,8.726645,6348.4
29100,33.954315,6353.7
29125,63.529671,6359.1
29150,217.835007,6364.6
29175,31.633663,6369.9
29200,42.316193,6375.3
29225,60.909798,6380.7
29250,152.597748,6386.0
29275,723.306335,6391.4
29300,20.635099,6396.8
29325,747.507812,6402.2
29350,136.448608,6407.5
29375,132.832001,6412.9
29400,1099.977661,6418.3
29425,25.611715,6423.6
29450,965.707275,6429.0
29475,22.469082,6434.5
29500,107.596733,6440.1
29525,964.809937,6445.4
29550,66.013863,6450.9
29575,75.060585,6456.2
29600,61.416801,6461.8
29625,44.212105,6467.3
29650,128.972763,6472.8
29675,241.597000,6478.3
29700,66.456909,6483.8
29725,1037.832031,6489.3
29750,29.837688,6494.7
29775,49.703087,6500.1
29800,21.854197,6505.6
29825,645.734680,6511.0
29850,234.005249,6516.4
29875,24.213099,6521.8
29900,559.397644,6527.2
29925,35216.734375,6532.5
29950,107.542267,6538.0
29975,287.854279,6543.4
30000,519.999268,6548.7
30025,31.822100,6557.5
30050,121.660393,6562.9
30075,1309.993286,6568.3
30100,85.493202,6573.7
30125,120.048561,6579.1
30150,353.142151,6584.5
30175,327.997711,6589.9
30200,100.027466,6595.3
30225,404.372559,6600.7
30250,152.105392,6606.1
30275,274.161285,6611.5
30300,93.549866,6616.9
30325,517.789062,6622.4
30350,5629.061523,6627.8
30375,155.572403,6633.1
30400,123.688225,6638.5
30425,4890.448730,6644.0
30450,314.690948,6649.3
30475,156.920151,6654.6
30500,1575.158203,6660.1
30525,41.829502,6665.5
30550,383.561615,6670.8
30575,142.820404,6676.2
30600,596.036926,6681.6
30625,413.178406,6686.9
30650,35.035484,6692.4
30675,57.158508,6697.8
30700,654.961487,6703.2
30725,26.258255,6708.6
30750,463.476746,6714.0
30775,10.809516,6719.4
30800,377.331177,6724.8
30825,473.729187,6730.2
30850,970.838013,6735.6
30875,379.735992,6740.9
30900,746.949341,6746.4
30925,22.388653,6751.8
30950,25.306141,6757.2
30975,124.699516,6762.7
31000,96.349747,6768.0
31025,41.221565,6773.4
31050,180.503235,6778.9
31075,144.482727,6784.3
31100,18.237770,6789.7
31125,41.635662,6795.1
31150,17.263109,6800.5
31175,440.480682,6805.9
31200,570.946045,6811.3
31225,378.996368,6816.7
31250,155.851456,6822.1
31275,28.905832,6827.5
31300,611.507629,6832.9
31325,431.263245,6838.3
31350,134.574493,6843.6
31375,25.598978,6849.1
31400,287.056732,6854.4
31425,72.156174,6859.8
31450,2872.795654,6865.2
31475,722.461731,6870.6
31500,15.617870,6876.0
31525,34.296688,6881.5
31550,157.298111,6886.9
31575,23.834417,6892.2
31600,17.134405,6897.6
31625,41.881626,6903.0
31650,158.589310,6908.4
31675,307.933807,6913.9
31700,33.362942,6919.2
31725,157.060410,6924.6
31750,227.608719,6930.1
31775,2548.614990,6935.4
31800,69.585670,6940.8
31825,591.358582,6946.2
31850,301.809143,6951.6
31875,2448.003418,6957.0
31900,41.850166,6962.4
31925,59.036350,6967.9
31950,115.058853,6973.2
31975,55.788143,6978.6
32000,3379.931885,6984.0
32025,49.342815,6989.4
32050,29.324993,6994.8
32075,133.567780,7000.3
32100,3324.904053,7005.6
32125,20.117540,7011.0
32150,18.158833,7016.5
32175,86.942329,7021.9
32200,56.996895,7027.3
32225,145.805298,7032.7
32250,71.906830,7038.1
32275,133.201111,7043.5
32300,1264.759521,7048.9
32325,104.500603,7054.3
32350,916.041870,7059.7
32375,1885.982788,7065.0
32400,15.544038,7070.5
32425,4285.003418,7075.9
32450,40544.210938,7081.2
32475,25.846731,7086.7
32500,54.662758,7092.1
32525,28.275318,7097.4
32550,1047.056274,7102.9
32575,1898.267334,7108.2
32600,187.351257,7113.6
32625,74.068199,7119.0
32650,39.202229,7124.4
32675,861.873474,7129.7
32700,701.089294,7135.2
32725,60.627796,7140.5
32750,16345.453125,7145.9
32775,788.534363,7151.3
32800,71.498726,7156.8
32825,56.707539,7162.2
32850,49.464108,7167.6
32875,2604.299072,7173.1
32900,11.252660,7178.5
32925,32.714355,7183.8
32950,21.168215,7189.3
32975,130.174728,7194.6
33000,172.586517,7200.0
33025,78.789040,7205.5
33050,60104.898438,7210.9
33075,103.424332,7216.3
33100,12.537907,7221.7
33125,1083.647949,7227.1
33150,368.392914,7232.5
33175,907.214722,7237.9
33200,21.231028,7243.3
33225,52.928665,7248.7
33250,1872.201416,7254.1
33275,86.922012,7259.6
33300,19.924137,7264.9
33325,19.992865,7270.3
33350,568.206787,7275.8
33375,27.215635,7281.1
33400,60.100784,7286.5
33425,1258.575073,7292.0
33450,9.418645,7297.3
33475,759.553284,7302.7
33500,912.887817,7308.1
33525,41.281162,7313.5
33550,36.810764,7318.9
33575,30.659315,7324.3
33600,1140.450562,7329.7
33625,20.618711,7335.1
33650,4328.164062,7340.5
33675,3362.749756,7345.9
33700,58.375050,7351.3
33725,4356.772949,7356.7
33750,423.011597,7362.1
33775,2393.299805,7367.5
33800,220.969559,7372.9
33825,22.521645,7378.3
33850,963.871155,7383.7
33875,13.457115,7389.0
33900,273.118500,7394.5
33925,282.819061,7399.9
33950,12.547429,7405.2
33975,25.345695,7410.6
34000,252.661179,7416.0
34025,73.517960,7421.4
34050,347.833069,7426.8
34075,78.782585,7432.2
34100,404.074829,7437.6
34125,563.772217,7443.0
34150,488.151825,7448.4
34175,139.454071,7454.0
34200,120.776657,7459.4
34225,59.687527,7465.0
34250,7898.054199,7470.3
34275,539.576111,7475.7
34300,1952.087524,7481.3
34325,428.567596,7486.6
34350,25.839918,7492.0
34375,12.269504,7497.6
34400,49.870026,7503.0
34425,28.213449,7508.4
34450,221.110458,7513.9
34475,32.501724,7519.3
34500,70.743515,7524.7
34525,11.131135,7530.2
34550,194.694397,7535.6
34575,45.586258,7540.9
34600,604.584656,7546.4
34625,89.388626,7551.8
34650,5057.864258,7557.1
34675,1157.350220,7562.5
34700,1913.233643,7568.0
34725,937.684570,7573.4
34750,44.630665,7578.7
34775,369.833710,7584.2
34800,293.681854,7589.6
34825,400.578400,7595.0
34850,19.610699,7600.4
34875,32.058216,7605.8
34900,508.494751,7611.2
34925,116.333542,7616.7
34950,127.927162,7622.1
34975,376.011322,7627.5
35000,249.146286,7632.9
35025,249.053543,7641.3
35050,472.134064,7646.7
35075,17.471897,7652.1
35100,1269.341187,7657.4
35125,601.331421,7662.8
35150,255.510849,7668.2
35175,1155.778809,7673.7
35200,31.370640,7679.0
35225,38482.230469,7684.4
35250,411.753998,7689.9
35275,91.417213,7695.3
35300,76.009979,7700.7
35325,1997.426270,7706.1
35350,46.425171,7711.5
35375,898.779541,7716.9
35400,51.775043,7722.4
35425,51.206337,7727.7
35450,116.451546,7733.1
35475,645.450562,7738.5
35500,201.265259,7743.9
35525,50.255909,7749.3
35550,1178.964111,7754.8
35575,11.621097,7760.1
35600,113.309883,7765.5
35625,98.206612,7770.9
35650,38.238838,7776.3
35675,20.787647,7781.8
35700,1058.754028,7787.1
35725,905.398560,7792.6
35750,584.551941,7798.0
35775,612.282593,7803.4
35800,130.589523,7808.8
35825,65.696083,7814.2
35850,18.775406,7819.5
35875,45971.640625,7825.0
35900,54.416992,7830.4
35925,928.703674,7835.7
35950,106.988762,7841.1
35975,973.532104,7846.5
36000,26036.453125,7851.9
36025,127.160141,7857.3
36050,542.177673,7862.7
36075,167.307297,7868.1
36100,17303.750000,7873.5
36125,128.993942,7879.0
36150,36.166931,7884.4
36175,60.960892,7889.7
36200,559.966736,7895.2
36225,31.087193,7900.6
36250,177.649963,7906.0
36275,28.462254,7911.4
36300,68.997246,7916.8
36325,507.806183,7922.2
36350,194.734741,7927.6
36375,1358.854858,7933.0
36400,45.948662,7938.4
36425,8236.419922,7943.8
36450,28.803427,7949.2
36475,94663.664062,7954.6
36500,76.216690,7960.0
36525,11.042757,7965.4
36550,43.777061,7970.8
36575,2771.044189,7976.1
36600,464.096710,7981.6
36625,92.151161,7987.0
36650,49.125629,7992.3
36675,460.519440,7997.8
36700,575.707947,8003.2
36725,30.582748,8008.5
36750,224.016342,8014.0
36775,233.699463,8019.4
36800,85.957573,8024.8
36825,87.812973,8030.2
36850,401.361938,8035.6
36875,4850.950684,8041.0
36900,919.288391,8046.4
36925,127.255630,8051.8
36950,733.153198,8057.1
36975,10487.955078,8062.6
37000,57.631237,8068.0
37025,176.576187,8073.4
37050,524.254578,8078.7
37075,24.224859,8084.2
37100,17.295387,8089.6
37125,43.274204,8095.0
37150,34.615391,8100.4
37175,159.934509,8105.8
37200,24.885576,8111.2
37225,485.066681,8116.6
37250,1710.166992,8122.0
37275,55.820927,8127.4
37300,1083.996826,8132.8
37325,69.185944,8138.2
37350,111.207527,8143.5
37375,587.745972,8149.0
37400,38164.601562,8154.4
37425,311.068207,8159.7
37450,122.749931,8165.1
37475,73.204308,8170.5
37500,155.771255,8175.9
37525,173.570129,8181.3
37550,340.896759,8186.9
37575,6.589062,8192.3
37600,649.284485,8197.7
37625,21.936974,8203.2
37650,4049.305176,8208.5
37675,132.978241,8213.9
37700,64.570671,8219.3
37725,318.358154,8224.7
37750,74.703171,8230.1
37775,626.865356,8235.5
37800,225.247131,8240.9
37825,2151.934326,8246.3
37850,42.062595,8251.7
37875,67.362610,8257.1
37900,22.523294,8262.4
37925,267.411041,8267.9
37950,20173.433594,8273.3
37975,46.924477,8278.6
38000,130.249451,8284.0
38025,12.800406,8289.5
38050,40.887867,8294.9
38075,37.103867,8300.2
38100,1176.568604,8305.7
38125,5640.883301,8311.1
38150,1847.354492,8316.5
38175,58.348736,8321.9
38200,751.340881,8327.3
38225,2164.776367,8332.8
38250,621.053894,8338.2
38275,736.365784,8343.6
38300,341.105591,8349.0
38325,183.329697,8354.5
38350,48.306179,8359.9
38375,84.578056,8365.2
38400,889.306030,8370.6
38425,13973.460938,8376.0
38450,60.289825,8381.4
38475,1417.645508,8386.8
38500,756.901794,8392.2
38525,7164.096191,8397.6
38550,24.552004,8403.0
38575,10.790357,8408.4
38600,106.458076,8413.8
38625,577.501221,8419.2
38650,513.960999,8424.6
38675,2001.557739,8430.1
38700,21.578949,8435.4
38725,538.388367,8440.8
38750,88.243652,8446.2
38775,9950.746094,8451.6
38800,331.958374,8457.0
38825,68.720840,8462.4
38850,628.829590,8467.8
38875,2926.730469,8473.2
38900,87.952866,8478.7
38925,424.891632,8484.3
38950,24.876350,8489.6
38975,4210.390137,8495.1
39000,9.855518,8500.6
39025,26.188391,8506.0
39050,994.552917,8511.4
39075,78.890739,8517.0
39100,30.541382,8522.4
39125,31.829962,8528.0
39150,117.381371,8533.6
39175,36.054462,8539.0
39200,3167.647461,8544.4
39225,126.500427,8549.8
39250,237.643524,8555.1
39275,23047.322266,8560.6
39300,1936.025024,8565.9
39325,509.889709,8571.3
39350,28.971952,8576.7
39375,563.631592,8582.1
39400,44.311638,8587.5
39425,116.640732,8592.8
39450,5683.791016,8598.3
39475,4023.192383,8603.7
39500,21.030010,8609.1
39525,153.206268,8614.6
39550,1432.557373,8620.0
39575,810.768005,8625.4
39600,150.956924,8630.9
39625,1730.235107,8636.3
39650,1824.502441,8641.6
39675,124.219620,8647.0
39700,115.484009,8652.4
39725,88.842010,8657.7
39750,224.706192,8663.1
39775,9446.950195,8668.5
39800,795.082458,8673.9
39825,8843.943359,8679.4
39850,631.715393,8684.7
39875,275.657471,8690.1
39900,28.106487,8695.4
39925,2336.185791,8700.9
39950,22.687706,8706.3
39975,2230.389160,8711.6
40000,27.429657,8717.1
40025,168.937668,8725.9
40050,1173.946655,8731.3
40075,34.048355,8736.8
40100,1350.291016,8742.2
40125,571.226440,8747.5
40150,31.569485,8753.0
40175,324.665771,8758.4
40200,275.492371,8763.8
40225,25.113071,8769.2
40250,6057.148438,8774.6
40275,397.326447,8780.0
40300,1317.168213,8785.4
40325,911.771790,8790.8
40350,750.661499,8796.2
40375,2377.512939,8801.5
40400,55.340408,8807.0
40425,1469.817139,8812.4
40450,20.698069,8817.8
40475,16.806906,8823.2
40500,110.471680,8828.6
40525,522.153503,8834.0
40550,335.088104,8839.4
40575,12.273686,8844.8
40600,210.971176,8850.1
40625,30.701494,8855.6
40650,740.062988,8860.9
40675,114.634445,8866.3
40700,310.692932,8871.7
40725,1017.222290,8877.1
40750,464.511078,8882.5
40775,184.716202,8887.9
40800,21.856089,8893.3
40825,1136.041504,8898.6
40850,24.806133,8903.9
40875,964.139465,8909.4
40900,171.578415,8914.8
40925,531.157593,8920.1
40950,65007.652344,8925.5
40975,999.321045,8930.8
41000,1008.532959,8936.2
41025,31.731049,8941.6
41050,52.211449,8946.9
41075,31446.939453,8952.3
41100,27.026518,8957.7
41125,41.357365,8963.1
41150,12.471399,8968.4
41175,47726.843750,8973.9
41200,436.170532,8979.3
41225,18972.226562,8984.6
41250,29.109045,8990.0
41275,30.553648,8995.4
41300,44450.113281,9000.8
41325,14.883855,9006.1
41350,175.040817,9011.6
41375,19.843462,9017.0
41400,36.065666,9022.4
41425,547.004333,9027.9
41450,159.633026,9033.3
41475,26.163633,9038.7
41500,21.139408,9044.1
41525,663.221985,9049.5
41550,26.847641,9054.9
41575,421.909058,9060.4
41600,877.866516,9065.8
41625,121.380890,9071.2
41650,372.684326,9076.6
41675,1452.832642,9082.0
41700,43.665485,9087.4
41725,2761.939697,9092.8
41750,14.289157,9098.2
41775,69.133011,9103.6
41800,16167.997070,9109.0
41825,18.239084,9114.7
41850,982.306458,9120.1
41875,4644.114746,9125.4
41900,1612.139282,9130.9
41925,82.157539,9136.2
41950,3819.554443,9141.6
41975,307.307831,9147.0
42000,75.391083,9152.4
42025,194.783691,9157.8
42050,64.188667,9163.2
42075,546.046753,9168.6
42100,777.830994,9174.0
42125,15.341293,9179.4
42150,1417.748535,9184.7
42175,42.939659,9190.1
42200,16.103386,9195.5
42225,100.606041,9200.9
42250,76.414986,9206.2
42275,22.216322,9211.6
42300,38.880478,9217.0
42325,629.518616,9222.4
42350,26816.398438,9227.7
42375,50.411949,9233.2
42400,1455.924072,9238.6
42425,502.786743,9244.0
42450,4913.616699,9249.4
42475,1913.565186,9254.8
42500,4088.293213,9260.1
42525,26.703341,9265.6
42550,48.851551,9271.0
42575,57.506870,9276.3
42600,162.439667,9281.7
42625,363.558350,9287.1
42650,444.029449,9292.5
42675,706.928467,9297.9
42700,155.582626,9303.3
42725,340.132172,9308.7
42750,321.695953,9314.0
42775,954.120544,9319.4
42800,598.008606,9324.8
42825,295.808990,9330.2
42850,24.358654,9335.6
42875,26466.375000,9341.0
42900,411.586884,9346.3
42925,208.244568,9351.8
42950,496.510132,9357.2
42975,14.462282,9362.5
43000,76745.710938,9368.0
43025,386.702850,9373.3
43050,1072.774780,9378.7
43075,614.106812,9384.1
43100,39584.867188,9389.5
43125,21.321890,9394.9
43150,1157.549316,9400.3
43175,34.481430,9405.7
43200,26.097084,9411.1
43225,70.339508,9416.4
43250,25.869465,9421.9
43275,16.530056,9427.3
43300,16.450636,9432.6
43325,231.435516,9438.1
43350,65.923798,9443.5
43375,1198.544312,9448.8
43400,230.112442,9454.3
43425,12.173853,9459.7
43450,37.372791,9465.1
43475,99.646507,9470.5
43500,3367.566406,9475.9
43525,40.207970,9481.3
43550,136.127518,9486.7
43575,21.675861,9492.1
43600,472.676605,9497.6
43625,17.954725,9503.0
43650,37.048172,9508.6
43675,65.367241,9514.0
43700,3857.425049,9519.3
43725,2130.568359,9524.8
43750,37.336517,9530.4
43775,353.893677,9535.7
43800,125.898262,9541.3
43825,706.387329,9546.8
43850,168.668167,9552.2
43875,996.264221,9557.8
43900,16.489956,9563.3
43925,10.404788,9568.7
43950,542.900696,9574.1
43975,18.985874,9579.5
44000,15.758668,9584.9
44025,14234.078125,9590.3
44050,138.178894,9595.7
44075,61.590214,9601.1
44100,285.323517,9606.5
44125,42.530048,9611.9
44150,52.745373,9617.3
44175,85.083046,9622.6
44200,60.222374,9628.1
44225,509.796875,9633.4
44250,71.543259,9638.8
44275,4722.751465,9644.3
44300,43.366627,9649.6
44325,190.250961,9655.0
44350,34.493805,9660.5
44375,69.550835,9665.9
44400,12.277230,9671.2
44425,18.618023,9676.7
44450,893.203674,9682.0
44475,421.289001,9687.4
44500,39.657848,9692.9
44525,144.320038,9698.3
44550,46.961494,9703.7
44575,44.105270,9709.1
44600,1265.941772,9714.5
44625,28.455391,9719.8
44650,1203.418091,9725.2
44675,507.163300,9730.7
44700,194.155670,9736.1
44725,36.187248,9741.5
44750,10658.626953,9747.0
44775,1673.096680,9752.3
44800,64.616425,9757.7
44825,52.725258,9763.2
44850,171.311707,9768.6
44875,54.710869,9773.9
44900,50.509708,9779.4
44925,279.173157,9784.8
44950,753.385681,9790.2
44975,374.301025,9795.6
45000,442.722687,9801.0
45025,221.006866,9809.4
45050,518.983215,9814.9
45075,123.306259,9820.2
45100,1018.686523,9825.7
45125,905.733948,9831.0
45150,1108.289062,9836.5
45175,659.232666,9841.9
45200,119.669029,9847.2
45225,32.058998,9852.7
45250,67.218979,9858.2
45275,1758.188477,9863.5
45300,26521.486328,9869.0
45325,34.082558,9874.4
45350,1288.142700,9879.7
45375,262.280518,9885.1
45400,38.153080,9890.6
45425,11230.046875,9895.9
45450,111.078293,9901.4
45475,97.358795,9906.7
45500,276.077057,9912.1
45525,477.597900,9917.6
45550,17.404631,9922.9
45575,540.236755,9928.3
45600,14520.431641,9933.6
45625,23.229473,9939.1
45650,57.464531,9944.5
45675,40.661793,9949.8
45700,3113.373047,9955.2
45725,58.481487,9960.6
45750,1027.342285,9965.9
45775,532.030640,9971.4
45800,11.904635,9976.7
45825,258.833435,9982.1
45850,45.213284,9987.5
45875,155.177597,9992.9
45900,242.172134,9998.3
45925,114.067856,10003.7
45950,34.735004,10009.1
45975,3050.128174,10014.5
46000,64.585060,10020.0
46025,146.645691,10025.4
46050,125.998390,10030.8
46075,40.068974,10036.1
46100,192.903763,10041.5
46125,79227.046875,10046.9
46150,102.353722,10052.2
46175,1522.247559,10057.7
46200,256.877380,10063.1
46225,153.622986,10068.5
46250,9441.512695,10073.9
46275,1776.549805,10079.3
46300,19.183649,10084.7
46325,667.192566,10090.2
46350,33.350510,10095.5
46375,103.850655,10100.9
46400,201.029037,10106.3
46425,67.110550,10111.7
46450,29.106022,10117.1
46475,900.937439,10122.6
46500,496.193909,10127.9
46525,21.271955,10133.3
46550,29.712502,10138.9
46575,351.670166,10144.3
46600,15.837702,10149.7
46625,97390.218750,10155.0
46650,1142.571167,10160.5
46675,660.051025,10165.9
46700,55.394657,10171.2
46725,9287.653320,10176.7
46750,625.321655,10182.0
46775,712.574524,10187.4
46800,23.161343,10192.8
46825,42.592262,10198.2
46850,82.958435,10203.5
46875,23.562538,10209.0
46900,880.144531,10214.4
46925,760.600281,10219.8
46950,34.229927,10225.2
46975,2204.829102,10230.6
47000,7628.845215,10235.9
47025,160.587234,10241.3
47050,16668.898438,10246.7
47075,31.940216,10252.1
47100,364.148682,10257.4
47125,192.447464,10262.9
47150,440.276154,10268.3
47175,48.714691,10273.6
47200,4767.716309,10279.1
47225,28265.542969,10284.4
47250,26.391346,10289.8
47275,813.585449,10295.2
47300,555.329407,10300.6
47325,1423.777588,10306.0
47350,270.250397,10311.5
47375,1095.437256,10316.9
47400,21.532785,10322.2
47425,237.178452,10327.7
47450,442.615082,10333.1
47475,1158.186890,10338.4
47500,24.292391,10343.8
47525,20.591587,10349.2
47550,63.268646,10354.6
47575,30.272463,10360.0
47600,1460.985962,10365.4
47625,40.745129,10370.8
47650,22.237118,10376.2
47675,37.699760,10381.6
47700,465.451355,10387.0
47725,133.725861,10392.4
47750,906.973816,10397.8
47775,2787.646240,10403.1
47800,2930.918213,10408.5
47825,85.479492,10413.9
47850,316.847870,10419.2
47875,26.994284,10424.6
47900,1558.206299,10430.0
47925,171.359772,10435.4
47950,57.229820,10440.9
47975,545.408020,10446.2
48000,14106.552734,10451.6
48025,2853.596680,10457.0
48050,21.604668,10462.4
48075,520.333496,10467.8
48100,151.931427,10473.2
48125,52.784607,10478.6
48150,62.619602,10484.0
48175,184.905777,10489.4
48200,690.947327,10494.8
48225,21.863949,10500.3
48250,17323.925781,10505.7
48275,75.335022,10511.0
48300,46.750416,10516.5
48325,1221.470825,10521.8
48350,681.151855,10527.2
48375,286.279694,10532.7
48400,91.635880,10538.2
48425,344.770599,10543.7
48450,62.627495,10549.0
48475,29.719130,10554.5
48500,158.251297,10560.1
48525,34.444893,10565.4
48550,525.662720,10571.2
48575,15.200269,10576.7
48600,88.369888,10582.1
48625,109.203026,10587.5
48650,46.993168,10592.9
48675,49.261806,10598.5
48700,74.420090,10603.9
48725,51.570415,10609.3
48750,40.149879,10614.6
48775,47.679203,10620.0
48800,489.434082,10625.4
48825,22.675312,10630.8
48850,27.986773,10636.2
48875,24998.806641,10641.6
48900,11564.401367,10647.0
48925,841.381897,10652.3
48950,1858.763794,10657.7
48975,1029.063232,10663.1
49000,147.453140,10668.5
49025,1315.393066,10673.9
49050,38.938614,10679.3
49075,3742.046143,10684.6
49100,79.581886,10690.1
49125,16.717283,10695.5
49150,29.749155,10700.8
49175,31.504539,10706.3
49200,3609.266846,10711.7
49225,44.733715,10717.0
49250,7.225952,10722.4
49275,43.469406,10727.8
49300,17.525980,10733.2
49325,42.496861,10738.7
49350,56.856686,10744.0
49375,55.784664,10749.4
49400,844.969727,10754.7
49425,77.959831,10760.2
49450,14.554847,10765.5
49475,3729.487061,10770.8
49500,51.149261,10776.3
49525,302.257477,10781.6
49550,62.810757,10787.0
49575,3394.011719,10792.4
49600,31.746576,10797.8
49625,23.431065,10803.2
49650,376.581696,10808.7
49675,143.075104,10814.1
49700,27.671328,10819.5
49725,5509.388672,10824.9
49750,309.089081,10830.3
49775,55.853249,10835.7
49800,3403.139404,10841.1
49825,3170.810547,10846.5
49850,41.004658,10851.9
49875,889.818115,10857.3
49900,1971.349731,10862.7
49925,7671.821289,10868.1
49950,357.528015,10873.4
49975,165.817596,10878.9
50000,3055.770752,10884.3
50025,374.296509,10893.1
50050,72.172112,10898.5
50075,368.162598,10903.9
50100,105.276733,10909.3
50125,207.247284,10914.7
50150,407.398163,10920.1
50175,28.689888,10925.5
50200,6112.166504,10930.9
50225,1579.311523,10936.3
50250,377.548370,10941.7
50275,107.515610,10947.1
50300,45.219532,10952.5
50325,39.000599,10957.8
50350,303.646149,10963.2
50375,219.873276,10968.6
50400,137.048248,10974.0
50425,9472.707031,10979.3
50450,1697.277466,10984.8
50475,414.772675,10990.1
50500,55.381359,10995.5
50525,17.399330,11000.9
50550,2535.542480,11006.3
50575,382.606598,11011.6
50600,862.446411,11017.0
50625,9.773796,11022.4
50650,29.823067,11027.8
50675,589.419861,11033.2
50700,38.282978,11038.6
50725,36.054638,11043.9
50750,78.421173,11049.4
50775,83.474266,11054.7
50800,21.359436,11060.1
50825,34.544724,11065.4
50850,67.730347,11070.9
50875,279.201477,11076.2
50900,145.117096,11081.6
50925,338.994019,11087.1
50950,67.396873,11092.5
50975,36033.199219,11097.9
51000,16176.437500,11103.3
51025,12521.218750,11108.7
51050,184.347794,11114.1
51075,155.661774,11119.6
51100,1091.534668,11125.0
51125,246.687454,11130.3
51150,69.583809,11135.7
51175,156.293320,11141.1
51200,908.033081,11146.5
51225,35.640888,11151.9
51250,387.566528,11157.3
51275,14860.911133,11162.6
51300,14.527350,11168.0
51325,36.337559,11173.4
51350,83.864166,11178.8
51375,304.315094,11184.1
51400,125.889771,11189.5
51425,52.536587,11194.9
51450,591.741577,11200.3
51475,577.182251,11205.7
51500,19.192242,11211.1
51525,83.231300,11216.5
51550,20.781389,11221.9
51575,12251.991211,11227.3
51600,15.665462,11232.7
51625,19.073296,11238.1
51650,2307.272705,11243.5
51675,523.369873,11248.8
51700,621.108154,11254.3
51725,14.374466,11259.6
51750,21.615910,11265.0
51775,216.612045,11270.3
51800,22.530100,11275.7
51825,174.036011,11281.1
51850,302.502502,11286.4
51875,332.796234,11291.9
51900,440.712891,11297.3
51925,259.868652,11302.6
51950,301.911469,11308.1
51975,16.631805,11313.5
52000,1575.273804,11318.8
52025,43.177803,11324.2
52050,398.924011,11329.6
52075,121.428261,11335.0
52100,124.940887,11340.5
52125,1852.885986,11345.8
52150,236.075439,11351.2
52175,26.057964,11356.7
52200,54.066280,11362.1
52225,90.533401,11367.5
52250,2104.917480,11372.8
52275,338.556366,11378.3
52300,232.955902,11383.6
52325,3271.731934,11389.0
52350,647.778809,11394.5
52375,427.543091,11399.9
52400,39.478649,11405.3
52425,200.690338,11410.7
52450,1341.668945,11416.1
52475,11633.923828,11421.6
52500,186.977859,11427.0
52525,107.947357,11432.4
52550,16.883438,11437.7
52575,25.367147,11443.2
52600,63.250298,11448.5
52625,263.225983,11453.9
52650,51.938396,11459.3
52675,124.280922,11464.8
52700,241.213303,11470.1
52725,137.259933,11475.5
52750,1379.837891,11481.0
52775,2722.557861,11486.4
52800,70.397972,11491.7
52825,60.241028,11497.1
52850,323.153656,11502.5
52875,24.899481,11507.8
52900,11.404746,11513.3
52925,10.231357,11518.7
52950,41.223446,11524.0
52975,55.573929,11529.5
53000,575.746521,11534.8
53025,71.893333,11540.2
53050,13.000918,11545.7
53075,8.661791,11551.1
53100,996.015625,11556.4
53125,49.361462,11562.0
53150,1105.117676,11567.4
53175,490.379913,11572.7
53200,328.530426,11578.1
53225,17.941725,11583.5
53250,23.589638,11589.3
53275,250.972870,11594.8
53300,36.381100,11600.2
53325,65.742973,11605.6
53350,188.760651,11611.1
53375,54.146946,11616.5
53400,11.398877,11622.1
53425,448.402771,11627.4
53450,33.850849,11632.9
53475,361.601257,11638.2
53500,681.982971,11643.6
53525,22.859573,11649.0
53550,32.987400,11654.4
53575,18988.820312,11659.8
53600,994.156128,11665.2
53625,4898.356445,11670.6
53650,18.541712,11676.0
53675,7354.716309,11681.3
53700,24.731548,11686.8
53725,27.922256,11692.2
53750,989.157043,11697.5
53775,54.036308,11703.0
53800,178.251114,11708.4
53825,52.702866,11713.7
53850,21.650343,11719.2
53875,52.915768,11724.6
53900,1821.659912,11729.9
53925,63.538269,11735.4
53950,165.541031,11740.7
53975,340.931519,11746.1
54000,274.442108,11751.5
54025,247.047852,11756.8
54050,406.774536,11762.2
54075,27.686872,11767.6
54100,75.228569,11773.0
54125,70.607216,11778.3
54150,60.086086,11783.7
54175,377.490906,11789.1
54200,79.154839,11794.5
54225,698.566528,11799.8
54250,1448.515015,11805.2
54275,8.756615,11810.6
54300,36.812462,11816.0
54325,38.837372,11821.4
54350,198.080276,11826.7
54375,14.967468,11832.1
54400,2079.458252,11837.5
54425,86.856133,11842.9
54450,25.057468,11848.3
54475,39.642281,11853.7
54500,1210.796509,11859.1
54525,2753.416016,11864.5
54550,46.424164,11869.9
54575,7.909890,11875.2
54600,23.461689,11880.6
54625,40.501183,11886.0
54650,59.267578,11891.4
54675,75.888435,11896.8
54700,28.789444,11902.1
54725,912.142761,11907.5
54750,70.881714,11912.9
54775,51.598770,11918.3
54800,50.070293,11923.7
54825,34.194954,11929.1
54850,390.079498,11934.5
54875,1336.173218,11939.9
54900,110.501114,11945.3
54925,12390.470703,11950.6
54950,63.029804,11956.1
54975,65.600853,11961.5
55000,55.644829,11966.9
55025,16.893108,11975.3
55050,136.577835,11980.7
55075,4319.834961,11986.1
55100,747.508606,11991.5
55125,422.668030,11997.0
55150,3358.419189,12002.4
55175,211.548416,12007.8
55200,39.557453,12013.2
55225,75.433617,12018.6
55250,13617.008789,12024.0
55275,73.460373,12029.4
55300,395.881439,12034.8
55325,803.277771,12040.2
55350,20.437559,12045.7
55375,270.991394,12051.0
55400,241.948059,12056.4
55425,297.114471,12061.8
55450,428.477081,12067.2
55475,841.131714,12072.6
55500,579.609802,12078.1
55525,694.438904,12083.5
55550,280.771301,12088.9
55575,548.152222,12094.2
55600,1257.390137,12099.7
55625,151.406326,12105.1
55650,165.501541,12110.6
55675,45.270683,12116.1
55700,58.207489,12121.4
55725,35.105827,12126.8
55750,391.562286,12132.2
55775,14.508765,12137.6
55800,105.128654,12143.0
55825,34.967415,12148.5
55850,80.874298,12153.9
55875,259.519897,12159.3
55900,13.706554,12164.7
55925,168.524002,12170.1
55950,110.193398,12175.4
55975,18.166435,12180.9
56000,87.506668,12186.2
56025,519.138062,12191.5
56050,86.407494,12196.8
56075,1648.450073,12202.3
56100,22.355230,12207.7
56125,26256.402344,12213.0
56150,769.159485,12218.5
56175,121.040199,12223.8
56200,1021.630310,12229.2
56225,76.389458,12234.6
56250,33.334705,12240.0
56275,32.553448,12245.4
56300,121.556633,12250.9
56325,34.998230,12256.2
56350,356.458893,12261.7
56375,256.501465,12267.1
56400,1025.584717,12272.5
56425,33.305641,12277.9
56450,336.227814,12283.4
56475,21.946028,12288.7
56500,41.704212,12294.1
56525,139.084595,12299.5
56550,226.552643,12304.9
56575,649.470032,12310.3
56600,37.112606,12315.6
56625,15.678593,12321.1
56650,641.792542,12326.5
56675,50.169064,12331.8
56700,44.387890,12337.3
56725,45.259247,12342.7
56750,1215.336426,12348.0
56775,19.106089,12353.4
56800,4168.521484,12358.8
56825,52509.187500,12364.1
56850,3731.396729,12369.6
56875,32947.433594,12374.9
56900,143.579056,12380.3
56925,160.380173,12385.7
56950,20.826462,12391.1
56975,10396.388672,12396.5
57000,34.497414,12401.8
57025,9060.377930,12407.3
57050,731.829529,12412.6
57075,30.204067,12417.9
57100,21.824415,12423.4
57125,48.353767,12428.7
57150,76.853828,12434.1
57175,536.820557,12439.5
57200,36.797993,12444.9
57225,33.680569,12450.3
57250,23.195896,12455.7
57275,600.457092,12461.0
57300,627.264771,12466.3
57325,181.632828,12471.7
57350,877.362183,12477.0
57375,291.714752,12482.4
57400,2276.257812,12487.8
57425,54.787567,12493.2
57450,36.261597,12498.6
57475,81.561493,12503.9
57500,6442.895020,12509.3
57525,1320.524170,12514.7
57550,231.913910,12520.0
57575,607.534851,12525.5
57600,25.603331,12530.9
57625,585.707764,12536.2
57650,308.886475,12541.7
57675,16722.929688,12547.1
57700,32.801708,12552.4
57725,2748.815674,12557.8
57750,473.990936,12563.2
57775,7240.852051,12568.6
57800,152.724945,12574.1
57825,830.778809,12579.6
57850,22.070730,12585.0
57875,167.899078,12590.4
57900,170.037308,12595.9
57925,12732.394531,12601.3
57950,5637.467773,12606.6
57975,751.221436,12612.3
58000,479.749146,12617.9
58025,1379.102051,12623.4
58050,1302.413452,12628.8
58075,1050.921265,12634.2
58100,3645.220459,12639.6
58125,57.826683,12645.1
58150,237.562180,12650.5
58175,2605.657227,12655.9
58200,478.423126,12661.3
50,421.175507,16317.7
58225,581.985474,12666.7
100,1063.429565,16325.8
58250,9.556311,12672.1
58275,15427.210938,12677.6
150,85.888397,16333.9
58300,173.361130,12682.9
200,937.319702,16342.4
58325,33.517712,12688.3
58350,225.257141,12693.8
250,240.295868,16350.5
58375,95.918343,12699.1
300,57503.062500,16358.7
58400,1046.022339,12704.5
58425,203.401489,12709.8
350,50914.007812,16366.9
58450,2883.945557,12715.3
58475,2913.527344,12720.7
400,30.265926,16375.6
58500,116.670937,12726.0
450,238.441818,16384.0
58525,21.145309,12731.5
58550,1928.560547,12736.9
500,12.527216,16392.4
58575,917.843811,12742.2
550,3041.335693,16400.6
58600,9.655680,12747.7
58625,36.183800,12753.1
600,14.211309,16409.3
58650,58.228493,12758.4
650,276.948608,16417.6
58675,52.842430,12763.9
58700,270.330566,12769.3
700,267.412567,16425.8
58725,1367.500000,12774.7
750,493.567719,16433.9
58750,63.521442,12780.1
58775,73.620880,12785.5
800,424.458679,16442.5
58800,149.655991,12790.9
850,299.522522,16450.7
58825,72.158401,12796.3
58850,1129.369873,12801.7
900,462.511108,16458.9
58875,14.934036,12807.1
950,409.539795,16467.0
58900,2564.872070,12812.4
58925,70.620270,12817.9
1000,190.753510,16475.7
58950,2369.151611,12823.3
58975,3150.611572,12828.6
1050,70.958946,16483.8
59000,296.686401,12834.1
1100,920.224304,16492.0
59025,12.221039,12839.5
59050,103.452232,12844.8
1150,75.798912,16500.2
59075,50.649410,12850.2
1200,1835.081055,16508.9
59100,303.490570,12855.6
59125,63.343323,12861.0
1250,1068.447266,16517.1
59150,260.719818,12866.4
1300,83.366364,16525.5
59175,14.888289,12871.8
59200,21.338253,12877.2
1350,3474.474365,16533.7
59225,35.753616,12882.6
1400,262.378235,16542.3
59250,22.524029,12888.0
59275,198.720474,12893.4
1450,36.426346,16550.4
59300,216.160797,12898.8
1500,499.916351,16558.5
59325,486.088318,12904.2
59350,171.799805,12909.6
1550,190.673981,16566.5
59375,83.462074,12914.9
59400,1468.779785,12920.4
1600,494.330017,16575.2
59425,51.787601,12925.8
1650,675.108215,16583.4
59450,2657.443604,12931.1
59475,357.387207,12936.5
1700,20.737097,16591.6
59500,6134.310059,12941.9
1750,432.422241,16599.8
59525,266.604919,12947.2
59550,60.534100,12952.7
1800,30.421413,16608.6
59575,76.695808,12958.0
1850,441.469849,16616.8
59600,51.121544,12963.3
59625,66.404457,12968.8
1900,12635.916992,16625.0
59650,37.343216,12974.1
1950,1697.361694,16633.2
59675,1197.521729,12979.5
59700,216.139053,12984.9
2000,48.231506,16641.8
59725,11.308521,12990.3
2050,443.820496,16649.9
59750,182.743362,12995.6
59775,512.309082,13001.1
2100,24063.005859,16658.0
59800,49.333378,13006.4
59825,22.045479,13011.8
2150,19.318768,16666.6
59850,68.127899,13017.1
2200,78.151466,16674.8
59875,34.532455,13022.6
59900,56.572498,13027.9
2250,11512.414062,16683.0
59925,141.524246,13033.3
2300,1406.050293,16691.2
59950,1589.713135,13038.7
59975,1380.966309,13044.1
2350,90.322899,16700.0
60000,60.965240,13049.4
2400,11.432713,16708.2
60025,50.609585,13058.4
2450,95.625305,16716.3
60050,20.466805,13063.7
60075,170.238113,13069.1
2500,34.021736,16724.5
60100,582.617554,13074.6
2550,1169.809326,16733.3
60125,356.093079,13079.9
60150,113.265167,13085.3
2600,1141.833496,16741.5
60175,569.672852,13090.7
2650,12.080181,16749.6
60200,33.865288,13096.1
60225,891.300049,13101.4
2700,40.114403,16757.8
60250,281.636871,13106.9
2750,1562.598022,16766.6
60275,6246.020996,13112.3
60300,1279.750610,13117.7
2800,1691.389526,16775.0
60325,195.011826,13123.0
60350,14.906982,13128.4
2850,88.597366,16783.3
60375,357.314941,13133.8
2900,1018.332031,16791.5
60400,30.006350,13139.2
60425,58.660397,13144.6
2950,61.805702,16800.2
60450,205.882111,13150.0
3000,10807.737305,16808.4
60475,86.910461,13155.3
60500,16221.702148,13160.7
3050,45.376099,16816.9
60525,25.152786,13166.1
3100,1362.303101,16825.3
60550,96.002823,13171.4
60575,83.475540,13176.8
3150,881.433044,16834.3
60600,147.921661,13182.2
60625,54.389511,13187.6
3200,33.505653,16842.6
60650,57.858574,13193.0
3250,112.381042,16850.9
60675,254.650253,13198.4
60700,62.452995,13203.7
3300,210.195831,16859.3
60725,318.439667,13209.2
3350,29.734447,16868.2
60750,201.484482,13214.5
60775,19.168552,13219.9
3400,3671.350098,16876.7
60800,1248.044434,13225.2
3450,24.879522,16885.0
60825,528.940369,13230.7
60850,17.527275,13236.1
3500,424.777405,16893.2
60875,196.647079,13241.4
60900,152.866989,13246.9
3550,35.313751,16902.1
60925,311.254364,13252.2
3600,1089.430908,16910.5
60950,1153.543335,13257.6
60975,5124.850586,13263.0
3650,111.103508,16918.7
61000,892.967468,13268.4
3700,17.728933,16926.9
61025,195.795151,13273.7
61050,547.643066,13279.1
3750,131.799606,16935.5
61075,24.637016,13284.5
3800,1928.681641,16943.7
61100,574.609253,13289.9
61125,1889.184570,13295.3
3850,65.836388,16952.1
61150,875.242126,13300.7
3900,982.841309,16960.6
61175,217.443497,13306.1
61200,24.356224,13311.5
3950,29.777075,16969.3
61225,242.829208,13316.9
61250,63.219688,13322.2
4000,18317.478516,16977.5
61275,89.494347,13327.6
4050,677.541687,16985.6
61300,124.195213,13333.0
61325,31.975836,13338.4
4100,46.913513,16994.4
61350,343.716705,13343.7
4150,518.599060,17002.5
61375,31.653969,13349.1
61400,362.760956,13354.5
4200,77.924744,17010.7
61425,55.814644,13359.8
4250,349.003845,17018.8
61450,10159.416992,13365.3
61475,51.671032,13370.6
4300,18.757658,17027.5
61500,50.385296,13376.0
4350,38.656013,17035.7
61525,79.571640,13381.5
61550,96.515320,13386.8
4400,434.251648,17043.8
61575,101.738037,13392.2
4450,55373.335938,17051.9
61600,1752.368164,13397.6
61625,18.403130,13402.9
4500,544.294495,17060.6
61650,616.629272,13408.3
61675,76.700623,13413.8
4550,290.132690,17068.8
61700,34.043930,13419.2
4600,77.728043,17076.9
61725,4250.355957,13424.5
61750,61.042011,13429.9
4650,698.355469,17085.1
61775,247.845490,13435.3
4700,1565.102417,17093.8
61800,19.825174,13440.7
61825,1982.298096,13446.0
4750,5856.933594,17101.9
61850,46.676834,13451.5
4800,130.638428,17110.1
61875,42.418541,13456.8
61900,89.540222,13462.1
4850,108.916977,17118.3
61925,117.753456,13467.6
4900,370.385620,17126.9
61950,26.312414,13472.9
61975,828.979065,13478.3
4950,108.673141,17135.1
62000,3788.142578,13483.7
5000,116.112579,17143.2
62025,16.234449,13489.1
62050,13.989132,13494.4
62075,29.630325,13499.9
62100,44.543289,13505.2
62125,26.150234,13510.6
62150,1331.989990,13516.0
62175,1626.308960,13521.4
62200,1072.284912,13526.8
62225,49.547211,13532.1
62250,227.922272,13537.6
62275,1152.510864,13543.0
62300,26.534508,13548.3
62325,59.784866,13553.8
62350,76.284706,13559.1
62375,546.505310,13564.5
62400,23.653248,13570.0
62425,1899.052612,13575.3
62450,90.439362,13580.7
62475,847.915649,13586.2
62500,8439.145508,13591.6
62525,1155.844604,13597.0
62550,1175.118896,13602.6
62575,100.701828,13608.0
62600,45.308548,13613.3
62625,22.006002,13618.8
62650,24.277124,13624.3
62675,63.719490,13629.7
62700,173.897430,13635.2
62725,433.088959,13640.8
62750,219.892685,13646.5
62775,611.710388,13651.8
62800,80.977005,13657.3
62825,331.224945,13662.7
62850,523.455017,13668.2
62875,236.213058,13673.6
62900,47.926777,13679.0
62925,61.944099,13684.3
62950,32.419479,13689.8
62975,1349.103760,13695.1
63000,737.806030,13700.5
63025,55.990139,13705.9
63050,19.076712,13711.2
63075,1123.699097,13716.6
63100,19793.419922,13722.0
63125,277.635620,13727.4
63150,3312.904297,13732.8
63175,93.294029,13738.1
63200,255.334930,13743.5
63225,49.729103,13748.9
63250,184.445511,13754.2
63275,185.724731,13759.7
63300,222.673752,13765.1
63325,3295.999512,13770.4
63350,39.065536,13775.9
63375,13538.920898,13781.3
63400,896.895081,13786.6
63425,315.808411,13792.1
63450,1055.968384,13797.4
63475,38.270031,13802.8
63500,160.372269,13808.3
63525,83.616844,13813.7
63550,67.805290,13819.0
63575,18.950108,13824.5
63600,492.252411,13829.9
63625,217.672195,13835.3
63650,32.034103,13840.6
63675,49.572487,13846.1
63700,1846.739502,13851.5
63725,91.938629,13856.8
63750,1761.630859,13862.3
63775,561.753174,13867.7
63800,99.812843,13873.1
63825,878.028870,13878.5
63850,44.041462,13883.9
63875,536.320496,13889.3
63900,838.531311,13894.7
63925,33.223194,13900.1
63950,155.926193,13905.5
63975,41.922318,13910.9
64000,28.715494,13916.3
64025,13.402849,13921.7
64050,13380.136719,13927.1
64075,7575.445801,13932.5
64100,20.664736,13937.9
64125,21.942865,13943.2
64150,33.770618,13948.6
64175,76.979385,13954.0
64200,29.490547,13959.3
64225,26.754070,13964.7
64250,19.170065,13970.1
64275,63.839142,13975.4
64300,242.603760,13980.9
64325,3430.513672,13986.2
64350,2852.397705,13991.6
64375,61.369957,13997.0
64400,627.060059,14002.4
64425,323.769409,14007.8
64450,154.051849,14013.2
64475,2334.775635,14018.5
64500,118.137932,14023.9
64525,1317.531860,14029.3
64550,24.593027,14034.7
64575,33.877956,14040.1
64600,15.626572,14045.4
64625,58.001995,14050.9
64650,74.605522,14056.3
64675,57.584026,14061.7
64700,216.621689,14067.1
64725,18.800982,14072.5
64750,64.528046,14077.9
64775,124.845306,14083.3
64800,2359.384766,14088.7
64825,9.850162,14094.1
64850,15.016643,14099.5
64875,808.993591,14104.9
64900,150.986145,14110.2
64925,442.201447,14115.6
64950,379.368469,14121.0
64975,54.956303,14126.5
65000,331.528442,14131.9
65025,21.440113,14140.3
65050,9.385106,14145.7
65075,68.722549,14151.0
65100,1908.857666,14156.5
65125,129.997391,14161.9
65150,66.817230,14167.2
65175,254.084488,14172.7
65200,10.343839,14178.1
65225,623.578430,14183.4
65250,1278.405884,14188.9
65275,6282.601074,14194.2
65300,1107.826050,14199.6
65325,88.372742,14205.0
65350,18.303854,14210.4
65375,12283.446289,14215.8
65400,916.704651,14221.3
65425,104.791924,14226.6
65450,51.637096,14232.0
65475,25.300419,14237.5
65500,525.020630,14242.8
65525,18.270529,14248.2
65550,2316.105469,14253.6
65575,205.736542,14259.0
65600,127.384346,14264.4
65625,489.388489,14269.7
65650,2807.765137,14275.2
65675,10240.151367,14280.6
65700,64.363091,14285.9
65725,194.471237,14291.3
65750,6122.524414,14296.7
65775,242.992004,14302.1
65800,1786.713013,14307.5
65825,29.986868,14312.9
65850,39.874310,14318.2
65875,44.135296,14323.6
65900,1717.940186,14329.0
65925,47.918499,14334.3
65950,82.754807,14339.7
65975,30.592905,14345.1
66000,1197.589111,14350.5
66025,20.349003,14355.8
66050,88.167786,14361.3
66075,33.027805,14366.7
66100,56.210228,14372.0
66125,67.927826,14377.5
66150,95.536995,14382.9
66175,1657.520874,14388.2
66200,79.715790,14393.7
66225,868.352722,14399.0
66250,43.367863,14404.4
66275,586.301270,14409.8
66300,155.299103,14415.2
66325,1102.328125,14420.6
66350,101.881203,14426.0
66375,5.969121,14431.3
66400,54.257812,14436.7
66425,881.403564,14442.2
66450,123.744316,14447.5
66475,202.532974,14452.9
66500,99.332863,14458.2
66525,1848.415283,14463.7
66550,100.865372,14469.1
66575,80.866051,14474.4
66600,802.153381,14479.9
66625,30.375622,14485.2
66650,8.030848,14490.6
66675,479.842102,14496.0
66700,205.180328,14501.4
66725,231.420212,14506.7
66750,17.268572,14512.1
66775,72.405830,14517.5
66800,54.598629,14522.9
66825,37.510902,14528.3
66850,65.071800,14533.7
66875,17.833435,14539.1
66900,15640.002930,14544.5
66925,19.400587,14549.9
66950,172.882187,14555.2
66975,1383.722412,14560.6
67000,42.397358,14566.0
67025,135.155655,14571.4
67050,45.921249,14576.7
67075,18.509909,14582.2
67100,182.399429,14587.6
67125,529.685791,14592.9
67150,125.852684,14598.3
67175,1060.617676,14603.7
67200,58.301208,14609.1
67225,7.707707,14614.5
67250,6636.890625,14620.0
67275,1789.444580,14625.3
67300,178.548050,14630.8
67325,46.467258,14636.1
67350,39.554447,14641.5
67375,566.391418,14646.9
67400,730.593933,14652.3
67425,19.644922,14657.8
67450,15.589640,14663.3
67475,294.308289,14669.0
67500,68.518150,14674.3
67525,33.680664,14679.7
67550,242.678680,14685.3
67575,25.859142,14690.9
67600,55.667961,14696.3
67625,24.917070,14701.7
67650,16209.840820,14707.1
67675,1699.860229,14712.5
67700,98.058868,14718.0
67725,24.626549,14723.4
67750,2064.059326,14728.8
67775,206.792206,14734.2
67800,202.087524,14739.6
67825,29.143532,14745.0
67850,32278.394531,14750.4
67875,85.862587,14755.8
67900,13401.492188,14761.1
67925,24754.865234,14766.5
67950,368.856659,14771.9
67975,230.304916,14777.3
68000,1438.744141,14782.6
68025,195.955521,14788.1
68050,29.591225,14793.4
68075,60.429756,14798.8
68100,96.897789,14804.3
68125,178.524124,14809.7
68150,8934.705078,14815.0
68175,16.786234,14820.4
68200,201.093277,14825.8
68225,367.269867,14831.1
68250,30.415936,14836.6
68275,37.231152,14841.9
68300,221.366455,14847.3
68325,56.362080,14852.7
68350,265.841461,14858.1
68375,1047.554565,14863.5
68400,11.964267,14868.8
68425,18.976143,14874.3
68450,81.308670,14879.7
68475,454.749237,14885.1
68500,222.291809,14890.5
68525,61.642963,14895.9
68550,17.429970,14901.3
68575,271.485931,14906.7
68600,12.234835,14912.1
68625,54.979313,14917.5
68650,30.644688,14923.0
68675,116.298927,14928.4
68700,75.575363,14933.8
68725,179.759125,14939.2
68750,256.520111,14944.6
68775,581.229309,14950.0
68800,1109.548462,14955.4
68825,12.590201,14960.8
68850,50.995316,14966.1
68875,75.828300,14971.5
68900,48.616383,14976.9
68925,1020.567566,14982.3
68950,1369.906616,14987.6
68975,27.043129,14993.1
69000,64.645416,14998.4
69025,73.750839,15003.8
69050,285.774231,15009.2
69075,6318.529297,15014.6
69100,32.894096,15019.9
69125,193.628036,15025.3
69150,7.735205,15030.7
69175,132.037415,15036.1
69200,14.116767,15041.5
69225,1674.028320,15046.9
69250,36.704193,15052.2
69275,60.917721,15057.6
69300,652.395569,15063.0
69325,515.327637,15068.4
69350,93.494095,15073.7
69375,4305.141602,15079.2
69400,45.115566,15084.5
69425,48.944096,15089.9
69450,1774.043945,15095.3
69475,500.376190,15100.7
69500,11860.346680,15106.1
69525,35.175961,15111.5
69550,3529.487061,15116.9
69575,4332.007324,15122.2
69600,64.287636,15127.6
69625,22.415520,15133.0
69650,319.943756,15138.3
69675,35.240479,15144.0
69700,92.213783,15149.3
69725,33.213825,15154.7
69750,1117.032959,15160.1
69775,2287.486328,15165.5
69800,20.851128,15170.8
69825,54.798340,15176.2
69850,32.123974,15181.6
69875,5645.844238,15187.0
69900,232.522598,15192.3
69925,9.728336,15197.7
69950,3128.312256,15203.0
69975,1469.026489,15208.4
70000,839.435181,15213.8
70025,1178.811646,15222.5
70050,347.086761,15227.9
70075,15.970322,15233.3
70100,401.093842,15238.7
70125,108.370300,15244.1
70150,13.445918,15249.5
70175,218.957138,15254.8
70200,3506.109131,15260.2
70225,83.102882,15265.6
70250,33.221664,15270.9
70275,16281.191406,15276.3
70300,349.925171,15281.6
70325,38.227077,15287.1
70350,88.740730,15292.4
70375,508.161041,15297.8
70400,17.807762,15303.2
70425,169.115768,15308.6
70450,30.618895,15314.0
70475,58982.074219,15319.4
70500,92.354271,15324.7
70525,105.587830,15330.0
70550,917.758728,15335.4
70575,28062.925781,15340.8
70600,64.368279,15346.2
70625,95.511909,15351.6
70650,1338.944580,15356.9
70675,345.630737,15362.3
70700,2699.642090,15367.7
70725,183.577454,15373.0
70750,656.978027,15378.4
70775,605.575439,15383.7
70800,1271.192993,15389.1
70825,47.958294,15394.5
70850,16.950739,15399.8
70875,154.887375,15405.3
70900,2313.266846,15410.6
70925,13.603703,15416.0
70950,660.311890,15421.4
70975,26.590767,15426.8
71000,967.735474,15432.2
71025,14479.263672,15437.6
71050,416.866486,15443.0
71075,51.516960,15448.4
71100,37.107937,15453.8
71125,27.486439,15459.2
71150,68.388756,15464.6
71175,384.670074,15470.0
71200,109.163322,15475.4
71225,559.447815,15480.7
71250,1080.442139,15486.1
71275,447.725800,15491.5
71300,163.095016,15496.9
71325,38.617287,15502.2
71350,2167.303223,15507.7
71375,107.372490,15513.1
71400,116.636513,15518.5
71425,73.221733,15523.9
71450,1974.116089,15529.3
71475,630.435791,15534.6
71500,180.917938,15540.1
71525,804.988953,15545.5
71550,391.850281,15550.9
71575,26231.615234,15556.3
71600,557.309265,15561.7
71625,8.199702,15567.1
71650,2808.603516,15572.5
71675,181.842224,15577.9
71700,95.142418,15583.2
71725,1248.033813,15588.6
71750,2535.004150,15594.0
71775,970.690735,15599.4
71800,10292.902344,15604.7
71825,233.399338,15610.1
71850,43.937054,15615.5
71875,166.350693,15620.8
71900,226.603180,15626.3
71925,1604.896851,15631.7
71950,826.910278,15637.1
71975,2253.709473,15642.5
72000,571.457642,15648.0
72025,53033.460938,15653.4
72050,166.218216,15658.8
72075,453.746246,15664.2
72100,38.082775,15669.6
72125,1473.162842,15675.0
72150,42717.007812,15680.5
72175,203.991882,15685.9
72200,38.208939,15691.3
72225,58.551125,15696.9
72250,654.134705,15702.5
72275,2297.869873,15707.8
72300,52.227501,15713.3
72325,20.074816,15718.8
72350,38.789635,15724.1
72375,47.458302,15729.5
72400,55.267807,15734.9
72425,38.113808,15740.2
72450,1359.656860,15745.6
72475,6308.807617,15751.0
72500,193.056152,15756.4
72525,80.361313,15761.8
72550,904.596008,15767.2
72575,26.019857,15772.5
72600,536.343750,15778.0
72625,82.962730,15783.3
72650,6981.401367,15788.7
72675,86.169983,15794.0
72700,23.760185,15799.4
72725,57531.726562,15804.8
72750,205.558533,15810.1
72775,5715.887207,15815.6
72800,999.417297,15820.9
72825,143.459167,15826.3
72850,806.722046,15831.7
72875,69.188187,15837.1
72900,1056.659546,15842.5
72925,120.300575,15847.9
72950,626.587158,15853.3
72975,3520.501953,15858.6
73000,554.929504,15864.1
73025,31.990473,15869.4
73050,1716.627075,15874.8
73075,2083.100830,15880.2
73100,1276.322510,15885.5
73125,2100.511475,15890.9
73150,16178.326172,15896.2
73175,24.447355,15901.6
73200,66.871765,15907.0
73225,746.139465,15912.4
73250,45.257561,15917.8
73275,13260.039062,15923.1
73300,28.052471,15928.5
73325,16.147535,15933.9
73350,630.364136,15939.3
73375,32.214630,15944.6
73400,64.531944,15950.0
73425,11987.943359,15955.4
73450,12.163778,15960.8
73475,13.085670,15966.3
73500,247.469345,15971.7
73525,130.587463,15977.0
73550,113.836426,15982.5
73575,56.323364,15987.8
73600,64.827560,15993.1
73625,1953.002441,15998.5
73650,160.603226,16003.9
73675,61.788933,16009.3
73700,48.133606,16014.6
73725,941.680908,16020.0
73750,18.361652,16025.4
73775,21.574745,16030.8
73800,71.120216,16036.2
73825,18601.578125,16041.6
73850,1708.328125,16046.9
73875,45.556870,16052.3
73900,147.290588,16057.7
73925,104.582779,16063.0
73950,267.955627,16068.4
73975,249.736725,16073.7
74000,188.947113,16079.1
74025,1341.623169,16084.5
74050,21.822754,16089.9
74075,20.211855,16095.3
74100,25.725025,16100.6
74125,1067.670166,16106.0
74150,292.822479,16111.4
74175,590.678894,16116.7
74200,310.132843,16122.2
74225,46.102753,16127.6
74250,15.804159,16132.9
74275,53.973686,16138.4
74300,30.966042,16143.8
74325,7.083647,16149.1
74350,7744.194824,16154.5
74375,29.108795,16159.9
74400,191.343552,16165.3
74425,1409.247070,16170.8
74450,291.512543,16176.1
74475,15.707282,16181.5
74500,201.338318,16187.0
74525,927.033386,16192.4
74550,175.932663,16197.8
74575,137.727585,16203.1
74600,27930.892578,16208.6
74625,19.951937,16213.9
74650,3752.320068,16219.3
74675,1886.741821,16224.7
74700,199.516907,16230.1
74725,1350.492432,16235.4
74750,6672.641602,16240.9
74775,326.939484,16246.2
74800,34.934124,16251.6
74825,880.113220,16257.0
74850,11.095202,16262.4
74875,1022.082947,16267.7
74900,21480.078125,16273.2
74925,29.816528,16278.6
74950,30.373291,16283.9
74975,28.878332,16289.3
75000,31.523081,16294.7
75025,2210.317627,16303.0
75050,138.788559,16308.4
75075,31.133705,16313.8
75100,21.196224,16319.2
75125,42.877304,16324.6
75150,1685.763062,16330.1
75175,27.943089,16335.5
75200,653.387024,16340.8
75225,860.568542,16346.3
75250,166.078232,16351.7
75275,93.814323,16357.1
75300,26.732887,16362.5
75325,313.350403,16367.9
75350,241.553253,16373.2
75375,24.486345,16378.7
75400,87.879692,16384.0
75425,30.880322,16389.4
75450,922.775635,16394.8
75475,433.624054,16400.2
75500,201.813568,16405.6
75525,128.915771,16410.9
75550,155.618835,16416.3
75575,51.151123,16421.7
75600,15.254026,16427.1
75625,781.549255,16432.5
75650,2528.901855,16437.9
75675,103.228554,16443.3
75700,75.310143,16448.7
75725,19.796469,16454.1
75750,111.978889,16459.5
75775,122.132484,16464.9
75800,187.290466,16470.3
75825,2121.887207,16475.7
75850,500.691833,16481.1
75875,2110.485596,16486.5
75900,3156.883057,16491.9
75925,277.894531,16497.3
75950,75.081322,16502.6
75975,61.148293,16508.0
76000,357.155151,16513.3
76025,36061.582031,16518.8
76050,28244.449219,16524.1
76075,55.257591,16529.4
76100,19.913233,16534.9
76125,25791.033203,16540.3
76150,1251.962402,16545.6
76175,3873.783447,16551.1
76200,54.474815,16556.5
76225,134.894165,16561.8
76250,1050.970581,16567.2
76275,26.039072,16572.6
76300,434.660675,16578.0
76325,342.164246,16583.4
76350,99.519524,16588.7
76375,4924.448242,16594.1
76400,232.197815,16599.5
76425,9169.712891,16604.9
76450,516.696899,16610.3
76475,69.350502,16615.6
76500,112.994308,16621.1
76525,40.607437,16626.4
76550,776.981262,16631.8
76575,43.916668,16637.2
76600,2361.991699,16642.5
76625,532.016968,16647.9
76650,192.853424,16653.3
76675,22.257063,16658.7
76700,1413.992554,16664.0
76725,66.871017,16669.6
76750,898.050049,16674.9
76775,956.176941,16680.3
76800,35.192421,16685.7
76825,42.361557,16691.1
76850,27.049164,16696.6
76875,2988.533203,16702.2
76900,47.110294,16707.5
76925,370.603394,16713.1
76950,75.203194,16718.4
76975,95.783325,16724.0
77000,141.900421,16729.4
77025,45.821262,16734.7
77050,629.644775,16740.1
77075,264.235779,16745.5
77100,181.793182,16751.0
77125,91.978806,16756.4
77150,151.383865,16761.8
77175,67.260880,16767.2
77200,253.166336,16772.6
77225,427.168488,16777.9
77250,42.470291,16783.3
77275,44.879898,16788.7
77300,825.960693,16794.1
77325,54.045021,16799.5
77350,14.154541,16804.9
77375,1026.169556,16810.3
77400,7272.939453,16815.7
77425,8.757294,16821.0
77450,690.798035,16826.4
77475,53.682003,16831.7
77500,22530.302734,16837.1
77525,21.304159,16842.5
77550,143.553421,16847.9
77575,243.157303,16853.3
77600,845.988708,16858.7
77625,62.353336,16864.1
77650,338.238892,16869.4
77675,41.286373,16874.8
77700,100.296814,16880.2
77725,846.331299,16885.6
77750,321.617523,16891.0
77775,490.312195,16896.4
77800,59.672115,16901.7
77825,37.086647,16907.1
77850,232.317886,16912.5
77875,39.016151,16917.9
77900,62.019615,16923.2
77925,141.787384,16928.6
77950,45.278843,16934.0
77975,1900.603638,16939.3
78000,2535.043945,16944.7
78025,15275.242188,16950.1
78050,181.285721,16955.4
78075,1111.917603,16960.9
78100,28.914206,16966.2
78125,33.831078,16971.5
78150,83.580627,16977.0
78175,169.070312,16982.4
78200,226.006012,16987.7
78225,2668.455566,16993.2
78250,1866.217163,16998.5
78275,4031.010254,17003.9
78300,44.628960,17009.3
78325,45.564129,17014.7
78350,2907.192871,17020.1
78375,51.031429,17025.4
78400,884.154724,17030.9
78425,183.499908,17036.3
78450,55.966309,17041.7
78475,245.403656,17047.1
78500,41.741047,17052.5
78525,598.566040,17057.9
78550,12.591057,17063.4
78575,316.567932,17068.7
78600,27.542408,17074.1
78625,215.819580,17079.5
78650,15.143445,17084.9
78675,114.169731,17090.2
78700,122.543121,17095.6
78725,114.981308,17101.0
78750,25.814474,17106.4
78775,8.136696,17111.8
78800,1261.905273,17117.4
78825,83.045319,17122.8
78850,52.402988,17128.1
78875,119.365021,17133.6
78900,13876.726562,17138.9
78925,55558.441406,17144.3
78950,23.048677,17149.7
78975,238.274689,17155.1
79000,2180.098389,17160.4
79025,6015.052734,17165.8
79050,313.569946,17171.1
79075,32.110924,17176.5
79100,25.298431,17181.9
79125,9.988402,17187.3
79150,16.735455,17192.6
79175,46.075047,17198.0
79200,68.281540,17203.4
79225,45.639511,17208.8
79250,664.137939,17214.2
79275,102.738670,17219.5
79300,26.708435,17224.9
79325,1589.623047,17230.2
79350,27.140438,17235.7
79375,1303.498413,17241.1
79400,20.277451,17246.4
79425,147.521118,17251.8
79450,928.070251,17257.2
79475,1287.056519,17262.6
79500,85.418510,17268.0
79525,3571.427734,17273.3
79550,131.892609,17278.7
79575,56678.183594,17284.1
79600,24.500921,17289.5
79625,918.387634,17294.9
79650,15.217408,17300.3
79675,119.633896,17305.7
79700,200.574829,17311.1
79725,27424.394531,17316.5
79750,34.848904,17321.9
79775,58.729759,17327.2
79800,17.651312,17332.5
79825,28.692293,17338.0
79850,7.474489,17343.3
79875,407.973511,17348.7
79900,37055.171875,17354.1
79925,605.674561,17359.5
79950,55.375629,17364.8
79975,697.064636,17370.3
80000,3174.954590,17375.6
